namespace,expression_label,label,eyeRGT_ctrl.translateX,eyeRGT_ctrl.translateY,eyeRGT_ctrl.translateZ,eyeRGT_ctrl.rotateX,eyeRGT_ctrl.rotateY,eyeRGT_ctrl.rotateZ,eyeRGT_ctrl.scaleX,eyeRGT_ctrl.scaleY,eyeRGT_ctrl.scaleZ,eyeRGT_ctrl.lidFollow,eyeRGT_ctrl.lidTW,eyeRGT_ctrl.lidLR,eyeRGT_ctrl.upLidUD,eyeRGT_ctrl.loLidUD,eyeRGT_ctrl.upLidTW,eyeRGT_ctrl.loLidTW,eyeLFT_ctrl.translateX,eyeLFT_ctrl.translateY,eyeLFT_ctrl.translateZ,eyeLFT_ctrl.rotateX,eyeLFT_ctrl.rotateY,eyeLFT_ctrl.rotateZ,eyeLFT_ctrl.scaleX,eyeLFT_ctrl.scaleY,eyeLFT_ctrl.scaleZ,eyeLFT_ctrl.lidFollow,eyeLFT_ctrl.lidTW,eyeLFT_ctrl.lidLR,eyeLFT_ctrl.upLidUD,eyeLFT_ctrl.loLidUD,eyeLFT_ctrl.upLidTW,eyeLFT_ctrl.loLidTW,ebBshRGT_ctrl.ebUD,ebBshRGT_ctrl.ebOI,ebBshRGT_ctrl.ebTW,ebBshRGT_ctrl.ebInnerUD,ebBshRGT_ctrl.ebMidUD,ebBshRGT_ctrl.ebOuterUD,ebBshRGT_ctrl.ebInnerTW,ebBshLFT_ctrl.ebUD,ebBshLFT_ctrl.ebOI,ebBshLFT_ctrl.ebTW,ebBshLFT_ctrl.ebInnerUD,ebBshLFT_ctrl.ebMidUD,ebBshLFT_ctrl.ebOuterUD,ebBshLFT_ctrl.ebInnerTW,lipBshLFT_ctrl.crnrMouthUD,lipBshLFT_ctrl.crnrMouthOI,lipBshLFT_ctrl.puffOI,lipBshLFT_ctrl.upLipUD,lipBshLFT_ctrl.loLipUD,lipBshLFT_ctrl.upLipCrnrUD,lipBshLFT_ctrl.loLipCrnrUD,lipBshLFT_ctrl.lipsPartOI,lipBshLFT_ctrl.cheekUprUD,lipBshLFT_ctrl.cheekUprOI,lipBshLFT_ctrl.cheekLwrOI,lipBsh_ctrl.faceSqSt,lipBsh_ctrl.mouthUD,lipBsh_ctrl.mouthLR,lipBsh_ctrl.mouthTW,lipBsh_ctrl.upLipAllUD,lipBsh_ctrl.loLipAllUD,lipBsh_ctrl.upLipPullOI,lipBsh_ctrl.loLipPullOI,lipBsh_ctrl.upLipRollOI,lipBsh_ctrl.loLipRollOI,lipBsh_ctrl.lipsPress,lipBsh_ctrl.upLipUD,lipBsh_ctrl.loLipUD,lipBsh_ctrl.upLipCleftUD,lipBsh_ctrl.mouthU,lipBshRGT_ctrl.crnrMouthUD,lipBshRGT_ctrl.crnrMouthOI,lipBshRGT_ctrl.puffOI,lipBshRGT_ctrl.upLipUD,lipBshRGT_ctrl.loLipUD,lipBshRGT_ctrl.upLipCrnrUD,lipBshRGT_ctrl.loLipCrnrUD,lipBshRGT_ctrl.lipsPartOI,lipBshRGT_ctrl.cheekUprUD,lipBshRGT_ctrl.cheekUprOI,lipBshRGT_ctrl.cheekLwrOI
CHAR_STEPHANIETW_000,Angry,0,0,0,0,0,0,0,1,1,1,0.15,0,0,0,0,0,0,0,0,0,0,0,0,1,1,1,0.15,0,0,0,0,0,0,0,0,0,0,0,0,0,0,0,0,0,0,0,0,0,0,0,0,0,0,0,0,0,0,0,0,0,0,0,0,0,0,0,0,0,0,0,0,0,0,0,0,0,0,0,0,0,0,0,0,0
CHAR_STEPHANIETW_000,Angry,0,0.5,-1.2,0.5,0,0,0.624326927022029,-1.17668896471896,-0.272440699061844,-0.55,-1.23,0.94,5.77,1.57888473642043,1.36,0,0,0,0,0,0,0,1,1,1,0.15,0,-4,-0.75,2.97,2.04,2.04,0,-7.79,0,-8.22,-4.51,-4.51,5.54,0,-7.28531249329448,0,-7.64140624597669,-4.17968749262393,-4.17968749262393,4.68499998390675,-0.58,-1.76,-1.67,4.88,0.84,4.6,1.17,0,6,4,-0.97,-0.286093748658895,-1.50468749798834,-1.67,4.74937500033528,0.709375000335276,4.10125000737608,0.680156253352761,0,5.40625,3.703125,-0.830468750167638,0,0,0,0,0,0,1,1,1,0.15,0,4,-0.52734375,2.90171874941327,1.85296875067055,2.01031249979045
CHAR_STEPHANIETW_000,Angry,0,0,-2.51,0,0,0,0.624326927022029,-1.17668896471896,-0.272440699061844,-0.55,-1.23,0,5.77,1.57888473642043,1.36,0,0,0,0,0,0,0,1,1,1,0.15,0,-4,0,2.74,1.41,1.94,0,-6.09,0,-4.25,-2.69,-2.69,2.66,0,-6.09,0,-4.25,-2.69,-2.69,2.66,0.41,-0.9,-1.67,4.44,0.4,2.92,-0.48,0,4,3,-0.5,0.41,-0.9,-1.67,4.44,0.4,2.92,-0.48,0,4,3,-0.5,0,0,0,0,0,0,1,1,1,0.15,0,4,0,2.74,1.41,1.94
CHAR_ANDREATW_000,Angry,0,0.5,-1.2,0,0,0,0,-3.59361110628941,-2.37550789196413,-1.4,-1.37,0,3.97,0.20888473642043,-1.14,0,0,0,0,0,0,0,1,1,1,0.15,0,-6.5,-0.808963807545415,2.74834818294463,0.47,1.64,-3.26299728641261,-7.85885425275392,0,-3.30753627774317,-1.16750784944479,0.250665336004794,4.14278220195224,-3.26299728641261,-8.32885425275392,0,-3.48753627774317,-1.72750784944479,-0.309334663995206,4.14278220195224,-0.383533130919484,1.2827794334996,-3.18319815428843,4.96708408772623,2.61896406056546,4.49509595301492,3.31050246494659,0,7,3,0,-0.723533130919483,1.7527794334996,-3.18319815428843,3.23708408772623,1.59896406056546,4.15509595301492,2.97050246494659,0,7,3,0,0,0,0,0,0,0,1,1,1,0.15,0,6.5,-1.37896380754541,2.85834818294463,0,1.64
CHAR_ANDREATW_000,Angry,0,0.923500030362598,-1.2,-0.52,0.57,-0.030143137711224,-5.8254595502007,-4.11903111493256,-3.9427015085293,-1.37255999248231,-1.67356514598938,0,3.95,2.57147961287601,0.749440173755603,0,0,0,0,0,0,0,1,1,1,0.15,0,-6.5,-1.71594625677297,3.03834818294463,-0.92,2.38981502481794,-4.55401573623026,-9.23034259038039,0,-4.37497793243783,-1.72265604303169,0.212771418546573,6.39131111709173,-4.55401573623026,-9.97034259038039,0,-4.50497793243783,-3.10265604303168,-0.477228581453427,6.39131111709173,-1.04737852854438,2.98739681359228,-3.52327139274848,8.26820325315222,4.21519454932825,4.15464083570742,7.17068778539338,0,8.31300001544952,6.62900428861048,0.498307868865971,-1.58709206123156,0.457396813592281,-3.51039869102193,4.93244178234703,3.08519454932825,2.91464083570742,3.74017218008236,0,6.94300001544952,7.37120353462046,0.498307868865971,0,0,0,0,0,0,1,1,1,0.15,0,6.5,-2.55594625677297,3.70834818294463,0,1.76981502481794
CHAR_ANDREATW_000,Angry,0,0.923500030362598,-1.2,0.43,-0.96,-0.030143137711224,-5.7854595502007,-4.11903111493256,-3.9427015085293,-1.37255999248231,-1.97356514598938,0,3.97,3.19147961287601,0.749440173755603,0,0,0,0,0,0,0,1,1,1,0.15,0,-6.5,-2.55594625677297,3.70834818294463,0,1.86981502481794,-4.55401573623026,-9.97034259038039,0,-4.50497793243783,-2.41265604303168,-0.477228581453427,6.39131111709173,-4.55401573623026,-9.53034259038039,0,-4.21497793243783,-1.85265604303169,0.082771418546573,4.02131111709173,-1.07737852854438,0.637396813592281,-3.52327139274848,6.96820325315221,4.22519454932825,5.91464083570742,6.06068778539338,0,6.76300001544952,7.20900428861048,0.498307868865971,-1.36709206123156,3.75739681359228,-3.51039869102193,8.61244178234703,4.18519454932825,4.58464083570742,5.73017218008236,0,7.22300001544952,6.88120353462046,0.498307868865971,0,0,0,0,0,0,1,1,1,0.15,0,6.5,-1.54594625677297,3.05834818294463,-1.44,2.50981502481794
CHAR_EMMATW_000,Angry,0,0.5,-1.2,0,0,1.13,0,-0.913611106289408,-0.485507891964127,-1.6,-1.71,0,2.42,-0.74111526357957,2.17,0,0,0,0,0,0,0,1,1,1,0.15,0,-6.5,1.19103619245459,1.39834818294463,0,1.64,-0.531671961671364,-6.09876305675354,0.079761006247794,-6.14820825348914,-4.08528740987711,-3.86152455154896,3.14246903859109,-4.84299728641261,-6.71885425275392,0,-1.66753627774317,-0.107507849444789,-0.689334663995206,3.71278220195224,-0.763533130919484,-1.5972205665004,-1.92319815428843,2.50708408772623,0.888964060565463,2.57509595301492,0.720502464946588,0,4.87,3,0,-1.05353313091948,-3.1572205665004,-1.92319815428843,1.35708408772623,-0.221035939434537,1.76509595301492,-0.229497535053412,0,3.78,1.91,0,0,0,0,0,0,0,1,1,1,0.15,0,6.5,-0.318963807545415,2.06834818294463,0,1.64
CHAR_EMMATW_000,Angry,0,0.5,-1.2,0,0,1.13,0,-0.913611106289408,-0.485507891964127,-1.6,-1.71,0,2.45,-0.71111526357957,2.17,0,0,0,0,0,0,0,1,1,1,0.15,0,-6.5,-0.318963807545415,2.06834818294463,0,1.64,-4.84299728641261,-6.71885425275392,0,-1.66753627774317,-0.107507849444789,-0.689334663995207,3.71278220195224,-0.531671961671364,-6.09876305675354,0.079761006247794,-6.14820825348914,-4.08528740987711,-3.86152455154896,3.14246903859109,-1.05353313091948,-3.1572205665004,-1.92319815428843,1.35708408772623,-0.221035939434537,1.76509595301492,-0.229497535053412,0,3.78,1.91,0,-1.07353313091948,-1.5972205665004,-1.92319815428843,1.80708408772623,0.188964060565463,2.57509595301492,0.720502464946588,0,4.87,3,0,0,0,0,0,0,0,1,1,1,0.15,0,6.5,1.19103619245459,1.39834818294463,0,1.64
CHAR_EMMATW_000,Angry,0,0.923500030362598,-1.2,0,0,0.229856862288776,-5.8354595502007,-2.18903111493256,-2.8927015085293,-1.37255999248231,-1.83356514598938,0,4.55,3.26147961287601,2.9294401737556,0,0,0,0,0,0,0,1,1,1,0.15,0,-6.5,0.31405374322703,3.35834818294463,-1.94,2.12981502481794,-5.81401573623027,-8.71034259038039,0,-4.23497793243783,1.06734395696832,-0.337228581453427,6.67131111709174,-5.81401573623027,-8.71034259038039,0,-5.34497793243783,-0.862656043031684,-1.64722858145343,8.86131111709174,-1.48709206123156,-0.412603186407719,-4.27039869102193,6.44244178234703,4.00519454932825,2.12464083570742,6.59017218008236,0,6.57300001544952,2.92120353462046,0.498307868865971,-1.40737852854438,-0.742603186407719,-3.43327139274848,4.41820325315221,3.51519454932825,1.77464083570742,5.53068778539338,0,5.43300001544952,1.79900428861048,0.498307868865971,0,0,0,0,0,0,1,1,1,0.15,0,6.5,-0.98594625677297,3.43834818294463,-0.57,2.60981502481794
CHAR_EMMATW_000,Angry,0,0.923500030362598,-1.2,0,0,0.229856862288776,-5.8354595502007,-2.18903111493256,-2.8927015085293,-1.37255999248231,-1.83356514598938,0,3.97,3.26147961287601,2.9294401737556,0,0,0,0,0,0,0,1,1,1,0.15,0,-6.5,-0.98594625677297,3.70834818294463,-0.57,1.81981502481794,-5.81401573623027,-8.71034259038039,0,-5.34497793243783,-0.862656043031685,-1.64722858145343,8.86131111709174,-5.81401573623027,-8.71034259038039,0,-4.23497793243783,1.06734395696832,-0.337228581453427,6.67131111709174,-1.40737852854438,-0.742603186407719,-3.43327139274848,4.41820325315221,3.51519454932825,1.77464083570742,5.53068778539338,0,5.43300001544952,1.79900428861048,0.498307868865971,-1.48709206123156,-0.41260318640772,-4.27039869102193,6.44244178234703,4.00519454932825,2.12464083570742,6.59017218008236,0,6.57300001544952,2.92120353462046,0.498307868865971,0,0,0,0,0,0,1,1,1,0.15,0,6.5,0.31405374322703,3.35834818294463,-1.94,2.12981502481794
CHAR_MIATW_000,Angry,0,0.5,-1.2,-0.88,0.48,0.63,-1.4,-1.08334424139811,-0.083779974521559,0.625764840762137,-1.80580402106953,0,2.53837099135945,1.22097348563061,-2.46326756452252,0,0,0,0,0,0,0,1,1,1,0.15,0,-5,-0.999478132700403,1.38412786647977,1.33392067099027,0.97272059065271,0,-4.48573130461673,-0.151577273941736,-4.68402877469821,-3.26382204795626,-3.58339764145488,4.9982589659161,0,-4.41573130461673,-0.151577273941736,-5.58338714476011,-4.1742476259567,-4.80832577047224,5.43133089497004,-0.568476253501022,-1.96779338650041,-1.26655553061059,2.80056278984571,2.17354700564696,2.36128558132996,0.511203906957393,0,3.94,2.07,0,-0.324828572123134,-2.28332009423026,-0.916123895072472,1.5368844755356,1.26653334762913,1.8914422948421,0.794366677932372,0,2.86376103106732,1.40128046678181,0,0,0,0,0,0,0,1,1,1,0.15,0,5,-1.24896380754541,1.96834818294463,2.23,1.93
CHAR_MIATW_000,Angry,0,0.5,-1.2,0.88,-0.48,0.63,-1.4,-1.08334424139811,-0.083779974521559,0.625764840762137,-1.80580402106953,0,2.53837099135945,1.22097348563061,-2.46326756452252,0,0,0,0,0,0,0,1,1,1,0.15,0,-5,-1.24896380754541,1.96834818294463,2.23,1.93,0,-4.41573130461673,-0.151577273941736,-5.58338714476011,-4.1742476259567,-4.80832577047224,5.43133089497004,0,-4.48573130461673,-0.151577273941736,-4.68402877469821,-3.26382204795626,-3.58339764145488,4.9982589659161,-0.324828572123134,-2.28332009423026,-0.916123895072472,1.5368844755356,1.26653334762913,1.8914422948421,0.794366677932372,0,2.23376103106732,1.29128046678181,0,-0.568476253501022,-1.96779338650041,-1.26655553061059,2.80056278984571,2.17354700564696,2.36128558132996,0.511203906957393,0,3.94,2.07,0,0,0,0,0,0,0,1,1,1,0.15,0,5,-0.999478132700403,1.38412786647977,1.33392067099027,0.97272059065271
CHAR_MIATW_000,Angry,0,1,-1.2,-0.5,0.5,0.63,-1.4,-2.03334424139811,-0.083779974521559,0.625764840762137,-1.80580402106953,0,2.53837099135945,1.22097348563061,-2.46326756452252,0,0,0,0,0,0,0,1,1,1,0.15,0,-5,-1.65594625677297,2.97834818294463,-1.38,2.20981502481794,0,-10.4911529813327,-0.155783415441765,-9.32384384643173,-5.68953900427272,-6.7492095587022,8.56770372851946,0,-8.4710690276791,-0.154336406624296,-8.77704122117712,-4.71824413882586,-5.63150117384114,7.71871978398231,-1.08669819184784,-1.06254493107725,-1.26655553061059,2.60213764158824,1.97512185738949,1.8106442099919,0.550562535619327,0,4.445102401433,2.575102401433,0.183673599336267,-1.35847625350102,-0.587793386500411,-1.26655553061059,3.90056278984571,3.27354700564696,2.28128558132996,1.84120390695739,0,4.71,2.84,0.28,0,0,0,0,0,0,1,1,1,0.15,0,5,-1.44593499071344,2.63088509685319,-0.188077494689469,2.113552260987
CHAR_OLIVIATW_000,Angry,0,0.5,-1.2,-0.5,0.5,1.13,0,-1.48361110628941,-0.485507891964127,-1.5,-1.5,0,3.57,0.39888473642043,2.17,0,0,0,0,0,0,0,1,1,1,0.15,0,-6,-0.635171046036332,1.8206785463557,0.712,1.312,-0.004069569969331,-6.096,0.031156683088353,-5.4530064722728,-3.43035152002964,-3.8323591450239,3.34200042589766,0,-7.62,0,-5.75753627774317,-4.19750784944479,-4.77933466399521,3.71278220195224,-1.21292520171544,-3.45603994461069,-1.26655553061059,2.44056278984571,0.913547005646963,1.39128558132997,0.781203906957393,0,5,5,-1,-0.88434016137235,-3.46083195568856,-1.01324442448847,0.990450231876564,-0.23116239548243,1.23902846506397,0.750963125565915,0,4.1,4.1,-0.8,0,0,0,0,0,0,1,1,1,0.15,0,6,-1.20896380754541,2.06834818294463,0.09,1.64
CHAR_OLIVIATW_000,Angry,0,0.923500030362598,-3.07,0,0,0.229856862288776,-3.99,-4.88903111493256,-5.4427015085293,-1.6,-1.6,0,5.44,7.08147961287602,2.9294401737556,0,0,0,0,0,0,0,1,1,1,0.15,0,-6.5,-2.15594625677297,3.70834818294463,-1.45,1.85981502481794,-5.81401573623027,-9.41034259038039,0,-3.43497793243783,0.097343956968316,-0.687228581453427,4.79131111709174,-5.81401573623027,-9.41034259038039,0,-3.08497793243783,1.78734395696832,0.632771418546573,4.79131111709174,-0.216770599340332,-3.46142256451802,-9.5037560673441,4.62168195527169,5.91977749440975,2.63083046402246,7.35138922740419,0,6,6,-2,-0.98648413202751,-2.27142256451802,-9.5037560673441,7.2059204844665,5.47977749440975,4.58083046402246,7.19087362209317,0,7,7,-0.8,0,0,0,0,0,0,1,1,1,0.15,0,6.5,-1.79594625677297,3.31834818294463,-1.45,1.85981502481794
CHAR_STEPHANIETW_000,Confident,1,0,-0.202019227081284,-0.5,0.8,0.11306871571797,0.386950934902082,-0.572000142148754,-0.572000142148754,-1.27,-0.86,-2.18,1.19968838708441,1.87970695335846,-0.456518510215688,0,0,0,0,0,0,0,1,1,1,0.15,0,0,-0.22,2.57,1.35,1.79,0,-1.73534590929915,0,-6.85520214026395,-2.64027540559187,-4.23,6.47448223908674,0,-3.68687257008591,0,-6.89135857100849,-5.14513726432249,-5.11320140245515,5.76182754071728,1.51727359414657,1.65894267126235,-0.001177343378958,0.815244057161348,0.66496188015207,-0.020898329528498,-0.404983401419218,0,5,3,-1.83267643381824,0.780010684731716,0.407986671511214,-0.0011652746944,0.972740308635912,0.899015553034984,0.922544742353051,1.03663645982517,0,3,2,-0.846042699334218,0,0,0,0,0,0,1,1,1,0.15,0,0,-0.27,2.71,2.31,1.41
CHAR_ANDREATW_000,Confident,1,0.675935844361187,-2.14728143329335,0.135199043262521,0.261707987469332,0,0,-1.78343774065162,-1.95241701209236,-0.928770603981003,-1.02321677774144,0,3.85875977276449,5.07231177084066,0.856427969074542,0,0,0,0,0,0,0,1,1,1,0.15,-2,-3,-0.928977892643989,2.76163200782558,2.95987204766652,1.32980142868797,-3.66351539865426,-7.42198771931041,0,0.620285485026054,-0.576257049234381,0,0.074952407784908,-3.99418954636918,-7.42198771931041,0,0.681941986650489,3.8613348990923,0,2.17139218859484,3.37127710305002,2.75422624457428,-0.000680703644933,3.51373718924517,3.14579678042759,-0.082058342192136,0.725027630613041,0,6.02118941916018,3.18964368565772,-0.000331682603174,4.80370398071034,2.74194553551157,-0.000677045215469,4.57644501818628,4.53882263209824,2.11282744788988,2.07312141531222,0,6.61368476299055,3.31735712097046,-0.000329899981005,0,0,0,0,0,0,1,1,1,0.15,1.9314149037503,2.89712235562545,-0.088547736522363,2.38687344825031,2.99636810118483,1.28419914919819
CHAR_EMMATW_000,Confident,1,0.3,0,0,-0.39,0,0,-0.53,-0.53,0,0,0,0.874240682247854,0.397960318876714,0,0,0,0,0,0,0,0,1,1,1,0.15,-1.94400148314751,-2.91600222472126,-0.316527371117544,2.51866771439111,1.86096199693439,1.14664181096496,-5.65279228744652,-8.51252364112713,0,-0.110758390784954,0.92,0,5.02228073415802,-4.55,-7.57,0,-1.63,1.3,0,6.13,1.20156292449554,1.5,-0.000681457360857,0.088065414632323,0.588877622361726,0.194400148314751,-1.09398355014598,0,3.92769512140694,2.96897556178859,-0.000341273223065,0.987449574432499,3.14961091153208,-0.000681457360857,0.325465748340512,0.626277956069916,0.759000556180315,-1.07099944381968,0,4.59769512140694,3.63897556178859,-0.000341273223065,0,0,0,0,0,0,1,1,1,0.15,1.944,2.916,0.013472628882456,2.46866771439111,3.19096199693439,1.40664181096496
CHAR_MIATW_000,Confident,1,0.3,0,0,0.39,0,-0.37,0.000266864891294,-0.748272082557432,0.455764840762136,-0.095804021069531,0,-0.397388326392698,2.00004906808689,-3.32326756452252,0,0,0,0,0,0,0,1,1,1,0.15,-2,-5,-0.516527371117544,2.36866771439111,2.96096199693439,1.69664181096496,0,-7.79,1.10421658455824,-8.58511274960865,-3.06827379763094,-4.10554293086132,10.2911266783207,0,-8.74252364112713,0.324216584558235,-5.57587114039361,-4.87827379763094,-6.11554293086132,5.6834074124787,1.41250645185096,1.40903809153206,-1.49403883368302,-0.511055549540015,1.12086090115142,-0.584809815504643,0.979701998191121,0,4,3,-0.5,0.706619801914004,0.689427179999985,-0.42403883368302,0.041544116751795,1.71346056744323,0.100589776629793,1.83671789186482,0,3,2,-0.5,0,0,0,0,0,0,1,1,1,0.15,2,5,-0.966527371117544,2.41866771439111,1.63096199693439,1.34664181096496
CHAR_OLIVIATW_000,Confident,1,0.214755490875224,0.151532019856745,-1.12,0.55,0,-0.688917579129154,-0.22110780689386,-0.22110780689386,-1.03,0,-2.25,-0.150797738288904,0.770940460230522,-1.73609609325406,0,0,0,0,0,0,0,1,1,1,0.15,-1,-1,0.04598264352338,2.22362682859967,2.03354591240362,1.55546878519292,-0.011859041660638,-7.74808690068078,0.090792983763604,-5.16906465459661,-2.14456725380607,-3.49035225584894,4.59165350554488,-2.85658517446528,-8.14129320828333,0.090792983763604,-2.24211909637041,-1.17869715292755,-1.45031989781168,4.12953011701412,1.3079487391185,1.45554484128228,0.345896489787531,0.06787018981452,-0.248744889434021,0.126414915997398,-0.245597783690202,0,4.43603780568495,2.83828111947906,-0.000179957617162,0.358814051248574,-0.358328632924518,0.345896489787531,-0.085362025583543,0.174031640376419,0.683042241640973,0.659908050483072,0,4.43603780568495,2.83828111947906,-0.000179957617162,0,0,0,0,0,0,1,1,1,0.15,1,1,-0.091688254959363,2.51448606163642,1.42538632935794,1.40916964011461
CHAR_STEPHANIETW_000,Disbelief,2,-1.5,-2.68546272107149,0,-0.7,0.439585896378108,1.05800126483575,-0.001643778784454,-0.001420838880967,-1.48,-1.54,0,1.80372654741343,1.88997165254178,1.52,0,0,0,0,0,0,0,1,1,1,0.15,-10,0,-5.33564375499739,1.59324806946531,-1.52,0,0,-4.61731016073485,0,3.63044407507907,1.31304370355744,-0.56,4.48,0,-4.61731016073485,0,4.31964405110993,2.42244383538769,2.85,2.95,0.983021045070759,-0.843652618420082,-0.007123779026059,2.25503128652388,0.096494622587697,1.32809897445858,0.212676917551033,0,0,0,0,1.11174945510553,0.391931457029473,-0.010489112076971,2.92252910867221,0.780448253479667,0.748083928332172,-1.42602943321703,0,0,0,0,0,0,0,0,0,0,1,1,1,0.15,10,0,-4.81538227380092,1.70324806946531,-1.45,0
CHAR_ANDREATW_000,Disbelief,2,-1.9221993026831,-1.17546272107149,-0.03,0.7,-0.000414103621892,-0.00632566218628,-0.020547229699444,-0.017760481598395,-3.41945215702372,1.48029883565311,0,0.813726547413427,0.81997165254178,10.6807632968797,0,0,0,0,0,0,0,1,1,1,0.15,-8.8468292425046,0,-4.98564375499739,0.93324806946531,-1.50699945363838,-1.98120209665227,-2.16085732411956,-8.55811788395699,0,6.54822438357293,8.45141475775684,5.35440314429896,4.02568935317634,-0.857394354031376,-7.33865184072917,0,2.83055135426379,-1.09258664908452,0,2.98188717689745,0.981749455105534,3.17193145702947,-0.010489112076971,2.58252910867221,2.12044825347967,1.33808392833217,1.47397056678297,0,0.021908172737022,0.518414493283037,2.32683890521604,-0.576978954929241,1.47634738157992,-0.007123779026059,1.69503128652388,1.7964946225877,0.108098974458574,2.77267691755103,0,0.021728331871961,0.523960096793181,2.32055011609929,0,0,0,0,0,0,1,1,1,0.15,10,-3.38,-4.87538227380092,1.09324806946531,-1.21615864787705,-1.48120209665227
CHAR_EMMATW_000,Disbelief,2,-1.5,-2.68546272107149,-0.03,0.7,0.439585896378108,0.43367433781372,-0.020547229699445,-0.017760481598396,-3.41945215702372,1.48029883565311,1.23,0.813726547413427,0.81997165254178,10.6807632968797,0,0,0,0,0,0,0,1,1,1,0.15,-9,0,-4.87538227380092,1.09324806946531,-2.34615864787705,-1.48120209665227,4.12,-8.32,0,2.42,-0.64,0,4.43,1.03,-8.32,0,4.02,-1.25,-1.25,6.2,1.18174945510553,1.75193145702947,-0.010489112076971,2.19252910867221,1.70044825347967,1.76808392833217,0.263970566782971,0,0.021908172737022,0.518414493283037,2.32683890521604,-0.416978954929242,1.60634738157992,-0.007123779026059,1.61503128652388,1.2564946225877,1.36809897445858,0.112676917551033,0,0.021728331871961,0.523960096793181,2.32055011609929,0,0,0,0,0,0,1,1,1,0.15,9,0,-5.09564375499739,0.93324806946531,-0.936999453638378,-1.98120209665227
CHAR_MIATW_000,Disbelief,2,-1.79,-2.27546272107149,0.03,-0.7,1.18958589637811,0.43367433781372,0.829719635191849,1.19396743584417,-1.31368731626158,1.38449481458358,3.03,-0.597902461227126,2.28206040175196,7.35749573235722,0,0,0,0,0,0,0,1,1,1,0.15,-9,-2,-3.74538227380092,0.99324806946531,-4.89615864787705,-1.19120209665227,4.14034784984666,-8.32,0.104216584558235,-0.525112749608651,-2.60827379763094,-2.28554293086132,4.37112667832068,1.05034784984666,-8.32,0.104216584558235,1.05488725039135,-3.23827379763094,-3.55554293086132,6.14112667832068,0.826806332523996,-0.358641362970542,0.646153511600867,0.886007810791682,2.44503119856117,0.334273556647214,1.91467200879378,0,-0.908091827262979,-0.411585506716964,2.32683890521604,-0.10192207751078,-1.0042254384201,2.80951884465178,-0.231490011356651,1.4510775676692,-0.135711397226382,1.09337835956184,0,-0.908271668128039,-0.406039903206819,2.32055011609929,0,0,0,0,0,0,1,1,1,0.15,9,2,-4.38564375499739,0.83324806946531,-3.56699945363838,-1.69120209665227
CHAR_OLIVIATW_000,Disbelief,2,-1.5,-2.68546272107149,0,1,0.439585896378108,0.43367433781372,-0.020547229699444,-0.017760481598396,-3.41945215702372,1.48029883565311,-2.5,3.80372654741343,5.08997165254178,7.39076329687974,0,0,0,0,0,0,0,1,1,1,0.15,-13,0,-4.78538227380092,1.09324806946531,-3.09615864787705,-1.48120209665227,4.12,-8.32,0,2.42,-0.64,0,4.43,1.03,-8.32,0,4.02,-1.25,-1.25,6.2,0.802357384309581,1.63311207891918,0.646153511600867,2.42600781079168,1.94503119856117,1.62427355664721,1.02467200879378,0,4.06190817273702,4.55841449328304,2.32683890521604,0.243628974274805,1.11752800346962,0.649518844651778,3.48850998864335,2.6810775676692,1.44428860277362,1.43337835956184,0,4.06172833187196,4.56396009679318,2.32055011609929,0,0,0,0,0,0,1,1,1,0.15,13,0,-5.21564375499739,1.03324806946531,-2.83699945363838,-1.98120209665227
CHAR_STEPHANIETW_000,Disgust,3,-1.28,-2.28,-0.5,0.5,-0.47,-8.55,-0.810400201393969,-1.44080035805581,-1.18,-1.55,-2.84,7.04709812525637,4.76049339757403,-1.59809260650939,0,0,0,0,0,0,0,1,1,1,0.15,0,0,2.14,2.89,2.56,0,0,-6.58011047681507,0,-5.98255671096764,-2.18515640994348,-5.07,5.57,0,-7.38091038155802,0,-5.9705567039179,-5.80535677723525,-6.7,4.62,-0.63120533696249,-3.08,-3.44080447075866,10.0362906330382,3.3484298847144,6.24249359559806,10.6195772349886,0,6.8,2.76,0,0.235522838619861,-2.37,-2.99080447075866,7.58493207170112,5.03906909864082,3.82131895808172,9.85143776784767,0,5,2,0,0,0,0,0,0,0,1,1,1,0.15,0,0,-1.07,3.1,3.03,1.89
CHAR_EMMATW_000,Disgust,3,1.75931932887114,-0.100269743578401,0.51,-0.23,-0.713213602913212,-1.3025256154149,-2.68354460901849,-0.5,-0.5,-1.65511775837919,1.26768183187089,2.61709812525637,2.35049339757403,-0.568092606509391,0,0,0,0,0,0,0,1,1,1,0.15,-2.884,-2.19,5.14983362946936,2.81613730170987,4.78446584723456,2.97735097375699,-5.93525442414535,-10.474704280675,1.93500765666234,-3.19356207944185,2.04678125271835,0.708729291019296,7.93957126215881,-6.8168245874753,-10.2237608669592,1.93500765666234,-2.05349769324592,-0.666315778325493,-0.311270708980704,5.72962248622874,-2.14120533696249,0.525997067028854,-5.02080447075866,7.03629063303816,2.9384298847144,1.60249359559806,3.26957723498857,0,7.22643342110313,6.78815204605857,-1.34683581201725,-2.21447716138014,-0.404002932971146,-5.85080447075866,3.79493207170112,2.93906909864082,1.00131895808172,5.15143776784767,0,6.18643342110313,5.74815204605857,-2.18683511719692,0,0,0,0,0,0,1,1,1,0.15,2.884,2.303,3.32380757312349,3.25613730170987,6.3479374613985,3.62263428152522
CHAR_MIATW_000,Disgust,3,0.32,0.35,-0.5,-0.23,-1.10011526305056,-6.5425256154149,-3.67,-3.11,0.82,0,1.26768183187089,2.14546911661582,2.41258214678421,1.52863982896809,0,0,0,0,0,0,0,1,1,1,0.15,-3,-5,1.46983362946936,2.78613730170987,2.08,1.36,-5.91490657429869,-11.304704280675,1.77922424122058,-1.7386748290505,2.66850745508741,2.82318636015797,8.41069794047949,-6.79647673762864,-11.0537608669592,1.77922424122058,-1.25861044285458,0.435410424043567,1.14318636015797,7.76074916454942,-2.75614845954403,-2.05457575297116,-1.17,6.03976933515763,4.2230128297959,2.9186832239131,7.51027867699937,0,6,5,-1,-2.87942028396168,-3.66457575297116,-1.17,4.3384107738206,3.68365204372232,2.31750858639676,6.92213920985848,0,5,4,-0.5,0,0,0,0,0,0,1,1,1,0.15,3,5,-1.21619242687651,3.34613730170987,2.33,2
CHAR_MIATW_000,Disgust,3,0.32,0.35,0.5,0.25,-1.10011526305056,-6.5425256154149,-3.67,-3.11,0.82,0,1.26768183187089,2.14546911661582,2.41258214678421,1.52863982896809,0,0,0,0,0,0,0,1,1,1,0.15,-3,-5,-1.21619242687651,3.34613730170987,2.33,2,-6.79647673762864,-11.0537608669592,1.77922424122058,-1.25861044285458,0.435410424043567,1.14318636015797,7.76074916454942,-5.91490657429869,-11.304704280675,1.77922424122058,-1.7386748290505,2.66850745508741,2.82318636015797,8.41069794047949,-2.87942028396168,-3.66457575297116,-1.17,4.3384107738206,3.68365204372232,2.31750858639676,6.92213920985848,0,5,4,-0.5,-2.75614845954403,-2.05457575297116,-2.31,6.03976933515763,4.2230128297959,2.9186832239131,7.51027867699937,0,6,5,-1,0,0,0,0,0,0,1,1,1,0.15,3,5,1.46983362946936,2.78613730170987,2.08,1.36
CHAR_OLIVIATW_000,Disgust,3,1.75931932887114,0,1,0.43,-1.42321360291321,-1.8925256154149,-3.75354460901849,-0.5,-0.5,0.334882241620809,1.26768183187089,4.83709812525637,2.35049339757403,-0.56809260650939,0,0,0,0,0,0,0,1,1,1,0.15,-3,-2,1.02983362946936,2.81613730170987,2.48446584723456,2.51735097375699,0,-9.434704280675,1.93500765666234,-7.08356207944185,-1.84321874728164,-3.1812707089807,7.93957126215881,-6.8168245874753,-9.18376086695916,1.93500765666234,0.206502306754075,1.59368422167451,1.9487292910193,5.72962248622874,-2.49059740775844,-3.01282231108144,-3.81416184708082,7.87976933515763,3.5430128297959,7.5886832239131,4.27027867699937,0,5.85643342110313,5.05815204605857,-1.34683581201725,-2.16386923217609,-2.37282231108144,-4.64416184708082,4.77841077382059,4.15365204372232,3.61750858639676,6.13213920985848,0,4.81643342110313,4.01815204605857,-2.18683511719692,0,0,0,0,0,0,1,1,1,0.15,3,2,-0.866192426876506,3.25613730170987,2.7079374613985,3.13263428152522
CHAR_STEPHANIETW_000,Happy,4,0,0.01,-1,0,1.37,6.45,-0.320000079523778,-1.44440020238802,-0.456760029877423,1.63,-0.851075993042132,5.72,-8.79,-3.12,0,0,0,0,0,0,0,1,1,1,0.15,0,0,1.08236100085135,2.10348505759611,2.82527272727273,3.34727272727273,-0.005549413594543,-0.917382287599489,1.42612274966594,-1.70414622253357,-0.960120711355263,-2.17939738249237,-3.54030727590564,0,-1.62810956032676,2.04,-2.09335624145454,-1.7759560814253,-3.66,-4.89,4.82189124185913,10,3.56,4.8,-5.29,0.11,-2.78,0,5,5.76,-0.5,3.00610272135209,6.11927272727272,1.63636363636364,2.57592727272727,-7.09123636363636,0.535636363636363,-2.39349090909091,0,3.55727272727273,5.62763636363636,0,0,0,0,0,0,0,1,1,1,0.15,0,0,0.782496376170604,3.10104195419465,4.14,3.3
CHAR_STEPHANIETW_000,Happy,4,0,0.914,0,0,1.028,7.546,-0.320000079523778,-0.835400202388016,-0.456760029877423,4.456,-1.55707599304213,4.64,-8.511,-2.229,0,0,0,0,0,0,0,1,1,1,0.15,0,0,2.20449637617061,2.47104195419465,3.321,3.255,0,-1.27710956032676,2.04,-1.47235624145454,-1.2809560814253,-2.76,-4.89,0,-1.27710956032676,2.04,-1.47235624145454,-1.2809560814253,-2.76,-4.89,3.87089124185913,7.589,2.25,3.5419,-7.8867,0.458999999999999,-3.5948,0,4.19,6.6105,0,3.87089124185913,7.589,2.25,3.5419,-7.8867,0.458999999999999,-3.5948,0,4.19,6.6105,0,0,0,0,0,0,0,1,1,1,0.15,0,0,2.20449637617061,2.47104195419465,3.321,3.255
CHAR_STEPHANIETW_000,Happy,4,0,0.01,1,0,1.37,6.45,-0.320000079523778,-1.44440020238802,-0.456760029877423,1.63,-0.851075993042132,5.72,-8.79,-3.12,0,0,0,0,0,0,0,1,1,1,0.15,0,0,0.782496376170604,3.10104195419465,4.14,3.3,0,-1.62810956032676,2.04,-2.09335624145454,-1.7759560814253,-3.66,-4.89,-0.005549413594543,-0.917382287599489,1.42612274966594,-1.70414622253357,-0.960120711355263,-2.17939738249237,-3.54030727590564,3.52610272135209,6.11927272727272,1.63636363636364,2.57592727272727,-7.09123636363636,0.535636363636363,-2.39349090909091,0,3.55727272727273,5.62763636363636,0,4.82189124185913,10,3.56,4.8,-5.46,0.11,-2.78,0,5,5.76,-0.5,0,0,0,0,0,0,1,1,1,0.15,0,0,1.08236100085135,2.10348505759611,2.82527272727273,3.34727272727273
CHAR_ANDREATW_000,Happy,4,0.013392157255093,3.12064161151054,-0.66,0.42,1.31673496990076,-0.789511071412686,-3,-3,-0.473015309936606,-0.449864810356076,-1.11659996407985,-0.84024074523753,1.40373605539115,-2.54669710349719,0,0,0,0,0,0,0,1.00035759336708,0.997906364553201,1,0.15,0,0,-0.245097862930195,3.09051541490202,2.20318346857353,1.45701687548761,-0.307487355681376,-0.450792657207712,0.016338912074459,0.484835005627828,2.51294537862417,-1.53468029856207,0.149212893082304,-0.307487355681375,-0.450792657207712,0.016338912074459,0.254835005627828,0.282945378624169,-2.89468029856207,1.0192128930823,3.22964317200095,8.91942880009732,-1.23651261106822,-0.087769345608937,1.09922766342659,-0.826406658747563,0.730196844040202,0,7.9027934880171,4.37027195828512,-1.28711686836073,3.3588084008476,7.17438161530546,1.67763157354752,0.163922623364207,1.20758478996442,-1.50218011072207,3.40809135116467,0,7.54070982524783,3.71413937364603,-1.30000784359192,0,0,0,0,0,0,1.00035759336708,0.997906364553201,1,0.15,0,0,-1.0050978629302,3.40051541490202,1.50318346857353,1.45701687548761
CHAR_ANDREATW_000,Happy,4,0.032824503051815,3.15976874177632,0.443181413577399,-0.81958330844528,1.25261655646478,-0.056223469958374,-3,-3,-0.46727271548758,-0.475428569239636,-1.44367580751303,-0.789180963097476,0.144831732671648,-2.54482185217735,0,0,0,0,0,0,0,1.00089099026173,0.994783435694198,1,0.15,0,0,-1.11899383156066,3.45763022925947,1.29111109063413,1.49366219053449,-0.294274994835959,-0.467003255922151,0.016902968244785,-0.088364367284781,0.012689148442514,-3.28505783414719,0.122112780904986,-0.294274994835959,-0.467003255922151,0.016902968244785,0.656988501748511,1.79815462712677,-2.14467463761244,-0.005550387242451,3.3588084008476,7.17438161530546,-0.242368426452485,0.163922623364207,0.787584789964424,-1.50218011072207,2.31809135116467,0,7.54070982524783,3.71413937364603,-1.30000784359192,3.04964317200095,8.91942880009732,0.253487388931776,-0.087769345608937,1.21922766342659,-1.51640665874756,1.1801968440402,0,7.9027934880171,4.37027195828512,-1.28711686836073,0,0,0,0,0,0,1.00089099026173,0.994783435694198,1,0.15,0,0,-0.705803240534196,3.11415297926986,1.45199751703754,1.49366219053449
CHAR_ANDREATW_000,Happy,4,0.465635378101793,4.03123571059623,0,0,-0.175473850959283,-0.125726732129303,-3,-3,-0.339369612355308,-1.04480258963336,-1.2221847291655,-1.04830378417003,-0.931468756360118,-2.50305493565751,0,0,0,0,0,0,0,1.01277118111135,0.925227367357265,1,0.15,0,0,-1.06969500988351,3.3206254404497,0.311947998245417,2.03985242499375,0,-0.828057113653733,0.029466024049266,-1.13686359290045,-0.045818704100436,-4.55,-0.481479980777774,0,-0.828057113653733,0.029466024049266,-1.07686359290045,-0.535818704100436,-5.04,-0.481479980777774,4.494,10.934,0.243,0.66,-1.426,-1.526,-1.382,0,8.5,6.97,-1,4.494,10.374,0.243,0.66,-0.956,-1.526,-1.382,0,7.67,6.14,-1,0,0,0,0,0,0,1.01277118111135,0.925227367357265,1,0.15,0,0,-1.38969500988351,3.6406254404497,0.311947998245417,2.30985242499375
CHAR_EMMATW_000,Happy,4,0,1.13154502331696,0,0,0,-1.38484344426748,-1.47682754873862,-1.04591576713995,-1.66676002987742,-0.685553021055608,-2.34107599304213,3.49306761427736,-1.83313169208131,0,0,0,0,0,0,0,0,1.00318758595832,0.991815084096988,1,0.15,0,0,1.6924963761706,1.67104195419465,3.47943816528212,2.27303044212322,-0.001773365468872,0,1.71917279345149,-0.005956821261857,0.674444092261807,-1.53219896149326,0.73643896801876,-0.001773365468872,0,1.71917279345149,-0.695956821261857,-0.015555907738193,-2.22219896149326,0.736438968018759,2.7704578262797,5.18002280109022,-2.21087372920373,1.97471669591595,-1.74778995377097,1.36441967039025,-1.19576750637947,0,5.52575952915608,1.13014371175961,-1.11843530258883,0.950457826279705,2.11002280109022,-2.21087372920373,0.994716695915952,-1.75778995377097,0.524419670390251,0.884243967017725,0,4.81575952915608,0.490143711759606,-1.11843530258883,0,0,0,0,0,0,1.00318758595832,0.991815084096988,1,0.15,0,0,0.572496376170603,2.00104195419465,3.47943816528212,2.27303044212322
CHAR_EMMATW_000,Happy,4,0,0.661545023316956,0,0,1.47,-1.84484344426748,-1.47682754873862,-1.04591576713995,-1.66676002987742,-0.685553021055608,-2.34107599304213,3.38306761427736,-1.91313169208131,0,0,0,0,0,0,0,0,1.00774718301386,0.980107190130654,1,0.15,0,0,0.407028292809542,2.56909716921481,3.63689117704893,2.7093273941448,-0.000561103973626,0,1.80963765710038,-0.616797515660059,0.540903566956537,-2.22219898491112,-0.01668084596415,0,0,1.85150997150282,-1.59821526101767,-0.219592353744736,-3.24025619645378,-0.365267781950662,4.23045782627971,10.06,1.98912627079627,1.60471669591595,-2.50778995377097,0.564419670390252,-0.145767506379465,0,8,5,-1.04323613594634,3.67233289970518,8.68750380809133,1.33287648202023,1.22776984348953,-1.56414505841601,0.689419630157116,-0.391068454024747,0,7,4,-1.05498600195235,0,0,0,0,0,0,1.00985762538626,0.974688106993011,1,0.15,0,0,-0.664302705500788,3.2708827842695,3.70976943880037,2.91127058414154
CHAR_EMMATW_000,Happy,4,0,0.661545023316956,0,0,1.47,-1.84484344426748,-1.47682754873862,-1.04591576713995,-1.66676002987742,-0.685553021055608,-2.34107599304213,3.38306761427736,-1.91313169208131,0,0,0,0,0,0,0,0,1.00985762538626,0.974688106993011,1,0.15,0,0,-0.664302705500788,3.2708827842695,3.70976943880037,2.91127058414154,0,0,1.85150997150282,-1.59821526101767,-0.219592353744736,-3.24025619645378,-0.365267781950662,0,0,1.85150997150282,-1.59821526101767,-0.219592353744736,-3.24025619645378,-0.365267781950662,4.23045782627971,10.06,1.98912627079627,1.60471669591595,-2.50778995377097,0.564419670390252,-0.145767506379465,0,8.77498536201797,4.58693872595189,-1.04323613594634,4.23045782627971,10.06,1.98912627079627,1.60471669591595,-2.50778995377097,0.564419670390252,-0.145756032982275,0,8.77498536201797,4.58693872595189,-1.04323613594634,0,0,0,0,0,0,1.00985762538626,0.974688106993011,1,0.15,0,0,-0.664302705500788,3.2708827842695,3.70976943880037,2.91127058414154
CHAR_MIATW_000,Happy,4,0,0.81,-1,0.5,2.67808005283736,-2.16384012606808,-1.37861818436066,-0.555840056545241,-0.93,-0.92,0,1.54548007369421,-1.53,2.02,0,0,0,0,0,0,0,1,1,1,0.15,0,-3,2.27303067952313,1.95795981345201,3.07428571428571,1.60077040885641,0,0,1.34805768518489,-0.527896318845386,-0.071326901615721,-0.274666681925449,-1.94081876318174,0,0,1.88728075925885,-1.31305484638354,-0.60385766226201,-0.888533354695629,-2.71714626845444,4.1530086251,6.98273807136703,0.546648075770743,-0.43,-0.483694807931409,-1.71755423229888,1.21498313585085,0,4.3167438029197,3.98789046745013,-0.118471113959417,3.00365174764817,3.69178525454252,0.394832540054538,-0.616396468248876,-0.128474825412681,-1.31066713852859,1.20838315036294,0,3.2548170020855,3.01992176246438,-0.084622224256727,0,0,0,0,0,0,1,1,1,0.15,0,3,-0.03375704866762,2.42114373883281,2.59,2.24107857239897
CHAR_MIATW_000,Happy,4,0,1.20029157583736,-1,0.5,2.31248236264196,-0.762294814401269,-1.92701471965375,-0.815606836667862,-0.84341107329246,-1.37583091033344,-2.51107887086941,1.54548007369421,-1.92553933423542,-0.645014741961893,0,0,0,0,0,0,0,1,1,1,0.15,0,-3,0.29624295133238,2.94423415976787,3.48475224212326,2.13524766206553,0,0,2.57037118019391,-2.1180986653868,-0.825577838888867,-1.69357717369889,-2.71714626845444,0,0,2.54436046009685,-2.67256761813052,-1.55588515978687,-2.25996105833592,-2.6796982475374,5.78031378982858,9.75422116901662,0.074046187030814,-0.35459310714672,-0.6263501252304,-1.19102291426078,0.790424510782834,0,4.91836844865621,6.64331867173618,-0.068733372246477,3.85250383599407,7.40215711607256,0.319259613257102,-0.254902815743778,-0.787513955578369,-2.10258028790622,1.0141415175815,0,3.99192288765068,3.69899816410308,-0.096031475649927,0,0,0,0,0,0,1,1,1,0.15,0,3,-0.248026949007865,3.18941059124273,3.44905656532598,2.09678069779048
CHAR_OLIVIATW_000,Happy,4,0,0.3,-0.74,0.38,0.75,-1.17484344426748,0,0,-1.69,-0.5,-4.01107599304213,2.86,-2.1,-0.51,0,0,0,0,0,0,0,1.00318758595832,0.991815084096988,1,0.15,0,0,1.0624963761706,1.25104195419465,1.39,2.7,-0.001773365468872,0,1.71917279345149,-0.145956821261858,2.25444409226181,1.17780103850674,0.736438968018759,-0.001773365468872,0,1.71917279345149,-0.455956821261858,1.58444409226181,0.507801038506743,0.736438968018759,2.14249917106317,5.93985983151527,0.36749454317757,1.18802203177363,-2.24438459759263,0.284091780626566,1.21748522950465,0,5,5,-1,1.91249917106317,3.44,-0.752505456822429,0.548022031773629,-2.37438459759263,-0.915908219373434,-0.522514770495349,0,4,4,-0.5,0,0,0,0,0,0,1.00318758595832,0.991815084096988,1,0.15,0,0,0.572496376170604,1.85104195419465,1,2.7
CHAR_OLIVIATW_000,Happy,4,0,0.3,0,0,0.75,-1.17484344426748,0,0,-1.69,-0.5,-4.01107599304213,2.86,-2.1,-0.51,0,0,0,0,0,0,0,1.00318758595832,0.991815084096988,1,0.15,0,0,0.572496376170604,1.85104195419465,1,2.7,-0.001773365468872,0,1.71917279345149,-0.455956821261858,1.58444409226181,0.507801038506743,0.736438968018759,-0.001773365468872,0,1.71917279345149,-0.145956821261858,2.25444409226181,1.17780103850674,0.736438968018759,1.91249917106317,3.44,-0.752505456822429,0.548022031773628,-2.37438459759263,-0.915908219373434,-0.522514770495349,0,4,4,-0.5,2.14249917106317,5.93985983151527,0.367494543177571,0.718022031773628,-2.24438459759263,-0.495908219373434,1.21748522950465,0,5,5,-1,0,0,0,0,0,0,1.00318758595832,0.991815084096988,1,0.15,0,0,1.0624963761706,1.25104195419465,1.39,2.7
CHAR_OLIVIATW_000,Happy,4,0,0.39,-1.5,0.5,1.21,-0.924843444267475,-1.62,0.81,-0.24,-0.24,-4.86107599304213,4.61306761427736,-3.09313169208131,-11.71,0,0,0,0,0,0,0,1.00985762538626,0.974688106993011,1,0.15,0,0,0.185697294499213,3.3008827842695,1.87,2,0,0,1.85150997150282,-1.08821526101767,1.27040764625526,-1.58025619645378,-0.365267781950662,0,0,1.85150997150282,-1.08821526101767,1.27040764625526,-1.58025619645378,-0.365267781950662,3.57106575548375,10.7911806218897,4.7857688944741,1.71819539803543,-0.353207008689468,-1.47939070129471,-2.57505459097147,0,6,6,-1,5.04106575548375,12.5611806218897,5.39576889447411,2.66819539803543,-1.66320700868947,-0.619390701294706,-0.78506606436866,0,7,7,-1.5,0,0,0,0,0,0,1.00985762538626,0.974688106993011,1,0.15,0,0,1.14569729449921,3.0108827842695,1.87,1.9
CHAR_ETHAN_000,Happy,4,0,-0.371446904171462,0,-2.9,0.25,-0.644796638177502,-1.43495866845462,-0.9,0,-1.60263724462391,-1.21,3.62,2.51199406737206,0,0,0,0,0,0,0,0,1,1,1,0.15,2.4,0,-3.27,1.58,0.9,-1.1,4.94,9.9,0,-4.1,-4.59,-7.5,3.5,-0.92,0,0,4.13,5.9,0.1,0,3.9860488044774,7.07168495711937,-2.62543981542935,2.58271790558103,3.58823387632361,2.02544475928597,4.92606816111137,-1,5,5,-1,5.27450679373401,10.1359413480597,-1.06195171873341,2.34481604209746,0.437243146349386,1.74873081496557,4.96458853490338,0,5,5,-1,0,0,0,0,0,0,1,1,1,0.15,-1.4,0,-1.5,1.52,-1.9,-0.5
CHAR_STEPHANIETW_000,Normal,5,0,0,0,0,0,0,0,0,0,0,0,0,0,0,0,0,0,0,0,0,0,1,1,1,0.15,0,0,1.17,0.83,0,0,-0.020347849846656,0.041890439673238,0.155783415441765,0.354413827922347,-0.2512263911685,-0.044457069138678,0.058873321679321,-0.020347849846656,0.041890439673238,0.155783415441765,0.354413827922347,-0.2512263911685,-0.044457069138678,0.058873321679321,0.7,0,0,0,0,0.74,0.810000000000001,0,0,0,0,0.7,0,0,0,0,0.74,0.810000000000001,0,0,0,0,0,0,0,0,0,0,1,1,1,0.15,0,0,1.17,0.83,0,0
CHAR_ANDREATW_000,Normal,5,0,0,0,0,0.35,0.35,0,0,-0.49,-0.38,0,0,0,0,0,0,0,0,0,0,0,1,1,1,0.15,0,0,-0.22,1.07,1.87,0.6,-0.69020740197918,0.018776794168867,0,1.01449155939527,0.909308544938182,0,0.93421689362939,-0.69020740197918,0.018776794168867,0,1.01449155939527,0.909308544938182,0,0.93421689362939,1.33,1.7,0,0.61,0.61,0.23,1.23,0,0.3,1,0,1.33,1.7,0,0.61,0.61,0.23,1.23,0,0.3,1,0,0,0,0,0,0,0,1,1,1,0.15,0,0,-0.22,1.07,1.87,0.6
CHAR_EMMATW_000,Normal,5,0,0,-0.76,0.43,0.35,0.35,0,0,-0.49,-0.38,0,0,0,0,0,0,0,0,0,0,0,1,1,1,0.15,0,0,0.68,1.07,2.11,0.6,-0.69020740197918,0.018776794168867,0,1.78449155939527,2.28930854493818,0.77,0.93421689362939,-0.69020740197918,0.018776794168867,0,1.04449155939527,0.679308544938182,-0.23,0.93421689362939,1.5,2.5,0,0.61,0.61,-0.02,0.97,0,0.3,1,0,0.88,2.32,0,0.61,0.61,0.89,1.23,0,0.3,1,0,0,0,0,0,0,0,1,1,1,0.15,0,0,-0.22,1.07,1.87,0.6
CHAR_MIATW_000,Normal,5,0,0,-0.43,0.25,0,0,0,0,0,0,0,0,0,0,0,0,0,0,0,0,0,1,1,1,0.15,0,-3,0.48,0.61,0.531428571428572,0.165714285714286,0,0,0,0.12,0.1,0.12,0,0,0,0,0.45,0,0,0,0.797244139549797,0.8027492713217,0.021126040775241,0.368428309257621,0.381928013873789,0.573667296249138,0.574985951777515,0,0.6,0.6,0,0.830259554018597,0.749403212481255,0.015293700764026,0.352612361128934,0.374575130884138,0.536378826813061,0.510807079989926,0,0.6,0.6,0,0,0,0,0,0,0,1,1,1,0.15,0,3,0,0.73,0.531428571428572,0.165714285714286
CHAR_OLIVIATW_000,Normal,5,0,0.26,-0.3,0.5,0,-0.48,0,0,0,0,0,0,0,0,0,0,0,0,0,0,0,1,1,1,0.15,0,0,1.05,0.77,0.56,0,-0.020347849846656,0,0.155783415441765,0.615112749608651,-0.341726202369059,-0.044457069138678,0.058873321679321,-0.020347849846656,0,0.155783415441765,0.145112749608651,-0.831726202369059,-0.514457069138678,0.058873321679321,-0.08,0.369999999999999,0,-0.16,-0.16,0.63,0.63,0,0.5,0.5,0,-0.49,-1.14,0,-0.16,-0.16,0.63,0.63,0,0.4,0.4,0,0,0,0,0,0,0,1,1,1,0.15,0,0,0.26,1.15,0.45,0
CHAR_ANDREATW_000,Sad,6,1.73663823339945,0.65303928419534,0,0,0.391199100799916,0.863039566673669,-2.55999800586801,-0.523390137223036,0.922959612022764,1.54935910070104,0.907199077148965,0.419626167872313,0.869109963996227,-3.11183614439591,0,0,0,0,0,0,0,1,1,1,0.15,-3.88799604492414,-3.88799604492414,-1.18149191372051,2.27598201318819,4.81969050116669,1.83414749356084,-4.70860796885764,-5.82758069188887,0,5.60940031472161,-0.719044544392574,-1.1951919804033,0.881663333397502,-5.25513895622759,-6.50399152298399,0,6.16208274264232,-0.802504481471428,-1.33391863963396,1.47399853210518,-0.652501722071984,-0.448132981980821,-1.78343744936493,2.15966420015005,1.74228961117598,2.46927401269554,2.63214205567244,0,6,2.68,-0.32,-0.326251421082926,-0.141566719700441,-0.891720255419692,1.26244924841199,1.01574952204337,1.43597729080594,1.31607328702273,0,3.00000514984327,1.34000230026333,-0.160000274658308,0,0,0,0,0,0,1,1,1,0.15,3.88799604492414,3.88799604492414,-1.47487828293704,2.54015662809158,5.3791149055431,2.04703810736174
CHAR_ANDREATW_000,Sad,6,1.73663823339945,0.65303928419534,0,0,0.391199100799916,0.863039566673669,-2.55999800586801,-0.523390137223035,0.922959612022764,1.54935910070104,0.907199077148965,0.419626167872313,0.869109963996227,-3.11183614439591,0,0,0,0,0,0,0,1,1,1,0.15,-3.88799604492414,-3.88799604492414,-1.47487828293704,2.54015662809158,5.3791149055431,2.04703810736174,-5.25513895622759,-6.50399152298399,0,5.70208274264232,-0.802504481471428,-1.33391863963396,0.983998532105184,-4.12002818391437,-5.09912841617231,0,4.38743215983019,-0.629163397755963,-1.04579202112779,1.20447504211631,-0.511561256016541,-0.351336193254147,-1.39821470313823,1.79037215561763,1.44282348101582,2.06675143349006,2.06359899210381,0,4.70399913482624,2.10111961355572,-0.250879953857399,-0.652501722071985,-0.28313295337077,-1.78343744936493,2.15966420015005,1.74228961117598,2.46927401269554,2.63214205567244,0,6,2.68,-0.32,0,0,0,0,0,0,1,1,1,0.15,3.0481883385885,3.0481883385885,-1.07630436115164,1.99148243014432,4.89722531030094,1.60487758099766
CHAR_ANDREATW_000,Sad,6,2.68,1.00777769830486,0,0,-0.05629706983272,1.86185253796807,-5.38111043559129,-0.768193860914512,1.35333359559397,2.14333359559397,1.86,-0.397778127458628,0.248032441006807,-1.57222115728509,0,0,0,0,0,0,0,1,1,1,0.15,-8,-6,-1.70037019288085,3.92999878406432,4.12296161457241,2.21703616813311,-7.22830887260155,-10.3470341654155,0,6.7966635433809,-1.22868084247489,-2.05851851322032,3.84851779796404,-7.22830887260155,-10.3470341654155,0,6.7966635433809,-1.22868084247489,-2.05851851322032,3.84851779796404,-1.58756688587844,0.728888997943414,-2.75222108575946,2.44553520701978,0.771437963887606,1.27061192063592,1.52195174880708,0,8,6.83333173592764,0.06,-1.58756688587844,0.728888997943414,-2.75222108575946,2.44553520701978,0.771437963887606,1.27061192063592,1.52195174880708,0,8,6.83333173592764,0.06,0,0,0,0,0,0,1,1,1,0.15,8,6,-1.70037019288085,3.92999878406432,4.12296161457241,2.21703616813311
CHAR_EMMATW_000,Sad,6,1.73663823339945,0.65303928419534,0,0,0.391199100799916,-0.086960433326331,-2.55999800586801,-0.523390137223035,0.422959612022764,-0.060640899298963,0.907199077148965,-1.03037383212769,-0.580890036003773,2.28816385560409,0,0,0,0,0,0,0,1,1,1,0.15,-3.88799604492414,-3.88799604492414,0.269479086809839,1.93818036770348,2.50902303164295,1.32647934420524,-3.41248903611551,-4.70506353136381,0.054835864924706,4.20101977809118,0.365582487985554,-0.465307738707988,3.8935514422074,-5.25513895622759,-4.51399152298399,0,5.63208274264232,0.647495518528572,-0.693918639633957,4.63399853210519,-2.08250172207198,-0.898132981980821,-1.78343744936493,0.909664200150055,1.37228961117598,-0.060725987304464,0.102142055672436,0,6,2.68,-0.32,-3.25250172207198,-0.73313295337077,-1.78343744936493,-0.200335799849945,0.782289611175983,-0.330725987304464,-0.167857944327564,0,6,2.68,-0.32,0,0,0,0,0,0,1,1,1,0.15,3.88799604492414,3.88799604492414,0.155121717062958,2.54015662809158,5.3791149055431,2.04703810736174
CHAR_EMMATW_000,Sad,6,1.73663823339945,0.65303928419534,0,0,0.391199100799916,-0.086960433326331,-2.55999800586801,-0.523390137223035,0.422959612022764,-0.060640899298963,0.907199077148965,-0.810373832127687,-0.360890036003773,2.28816385560409,0,0,0,0,0,0,0,1,1,1,0.15,-3.88799604492414,-3.88799604492414,0.155121717062958,2.54015662809158,5.3791149055431,2.04703810736174,-5.25513895622759,-4.51399152298399,0,5.63208274264232,0.647495518528572,-0.693918639633956,4.63399853210519,-3.41248903611551,-4.70506353136381,0.054835864924706,4.20101977809118,0.365582487985554,-0.465307738707988,3.8935514422074,-3.25250172207199,-0.73313295337077,-1.78343744936493,-0.200335799849945,0.782289611175983,-0.330725987304464,-0.167857944327564,0,6,2.68,-0.32,-2.08250172207198,-0.898132981980821,-1.78343744936493,0.909664200150055,1.37228961117598,-0.060725987304464,0.102142055672436,0,6,2.68,-0.32,0,0,0,0,0,0,1,1,1,0.15,3.888,3.888,0.269479086809839,1.93818036770348,2.50902303164295,1.32647934420524
CHAR_EMMATW_000,Sad,6,2.37964674651705,0.8890041055806,0,0,0.109397450824334,1.11172416705017,-2.15829273102884,-1.23962333296696,-0.871708037908195,1.24070986153875,0.319333776152748,1.33063433605563,1.52159664940073,4.91418119336499,0,0,0,0,0,0,0,1,1,1,0.15,-6.57709170967459,-5.29285837275463,-0.235111754974248,3.46442090530631,4.68142111565885,2.09142321804826,-6.10456705679388,-9.99350794628288,0,5.58326496240519,-0.190831138247257,-1.8277787829601,4.53396652750672,-6.10456705679388,-9.99350794628288,0,5.58326496240519,-0.190831138247257,-1.8277787829601,4.53396652750672,-3.05918810382551,-0.377155095474845,-2.44224393158505,1.77165383227762,0.607071049704845,0.278662041648142,0.476977603060674,0,7,4,-0.081581244405816,-3.05915630335909,-0.316233607388581,-2.44224371740965,1.77165383227762,0.367146154089302,0.278662041648142,0.476977603060674,0,6,3,-0.081581244405816,0,0,0,0,0,0,1,1,1,0.15,6.57709170967459,5.29285837275463,-0.235111754974248,3.46442090530631,4.68142111565885,2.09142321804826
CHAR_MIATW_000,Sad,6,1.2,0.469197461003586,0,0,0.406174120641936,-1.02268652300314,-1.01286750071804,-0.087412206279796,0.452439453738535,-0.187260267043779,0.757625222469823,-0.156470725930852,0.7911922838426,-0.377405748741514,0,0,0,0,0,0,0,1,1,1,0.15,-4,-6,-0.30231832409183,1.95120172406288,1.87457088176787,1.39111187701312,-2.63277496131049,-3.79358053330942,-0.097707334204255,2.45772474172488,-0.254151652801906,-1.01697044224998,4.95281132016415,-3.76110708758641,-5.41940076187059,-0.139581906006079,3.51103534532126,0.022640495997278,-1.45281491749997,4.4325876002345,-1.32697760326628,-1.02379280145649,-0.809582644761786,1.45675437819082,2.05774747278901,0.963879219765834,1.58209661863184,0,4.5,2,-1,-0.676884322286397,-0.377098126319991,-0.566707851333251,1.46972806473357,1.89042323095231,0.920715453836084,1.35346763304229,0,3.84,1.55,-0.7,0,0,0,0,0,0,1,1,1,0.15,4,6,-0.431883320131185,2.20314532008982,2.67795840252553,1.98730268144732
CHAR_MIATW_000,Sad,6,1.2,0.469197461003586,0,0,0.406174120641936,-1.02268652300314,-1.01286750071804,-0.087412206279796,0.452439453738535,-0.187260267043779,0.757625222469823,-0.156470725930852,0.7911922838426,-0.377405748741514,0,0,0,0,0,0,0,1,1,1,0.15,-4,-6,-0.431883320131185,2.20314532008982,2.67795840252553,1.98730268144732,-3.76110708758641,-5.41940076187059,-0.139581906006079,3.51103534532126,0.022640495997278,-1.45281491749997,4.4325876002345,-2.63277496131049,-3.79358053330942,-0.097707334204255,2.45772474172488,-0.254151652801906,-1.01697044224998,4.95281132016415,-0.676884322286397,-0.377098126319991,-0.566707851333251,1.46972806473357,1.89042323095231,0.920715453836084,1.35346763304229,0,3.56,1.55,-0.7,-1.32697760326628,-1.02379280145649,-0.809582644761786,1.45675437819082,2.05774747278901,0.963879219765834,1.58209661863184,0,4.5,2,-1,0,0,0,0,0,0,1,1,1,0.15,4,6,-0.302318324091829,2.02120172406288,1.87457088176787,1.39111187701312
CHAR_MIATW_000,Sad,6,1.8,0.65303928419534,0,0,0.391199100799916,-1.77696043332633,-1.40973114097671,-0.121662219780467,-0.351275547215099,-1.31644492036849,-0.292800922851035,-1.07200284076824,0.331198713206406,-0.377405748741514,0,0,0,0,0,0,0,1,1,1,0.15,-4,-6,-0.995510720473701,2.66445089229184,3.95131419880374,2.1773627206931,-1.2939039170631,-8.32183461222189,-0.150209738435795,0.549908151810857,-4.41401286940038,-6.00966170421061,6.88953358743884,0,-9.843991522984,-0.155783415441765,-1.00303000696633,-6.74077827910237,-8.39946157049528,7.99512521042587,-2.61744484465352,-1.57870580198084,-1.1267948256871,1.69314290226953,2.74687255625748,0.205463641010579,0.922843497683241,0,6,3,-0.32,-2.17349561143662,-1.34034963708927,-1.01766682808686,1.03182003017963,1.92979831193195,0.466375349372466,1.33981526229388,0,5.48396687346846,2.65597791564564,-0.553935018403609,0,0,0,0,0,0,1,1,1,0.15,4,6,-1.21487828293704,2.83015662809158,4.6191149055431,2.27703810736174
CHAR_MIATW_000,Sad,6,1.8,0.65303928419534,0,0,0.391199100799916,-1.77696043332633,-1.40973114097671,-0.121662219780467,-0.351275547215099,-1.31644492036849,-0.292800922851035,-1.07200284076824,0.331198713206406,-0.377405748741514,0,0,0,0,0,0,0,1,1,1,0.15,-4,-6,-1.21487828293704,2.83015662809158,4.6191149055431,2.27703810736174,0,-9.843991522984,-0.155783415441765,-1.00303000696633,-6.74077827910237,-8.39946157049528,7.99512521042587,-1.2939039170631,-8.32183461222189,-0.150209738435795,0.549908151810857,-4.41401286940038,-6.00966170421061,6.88953358743884,-2.17349561143662,-1.34034963708927,-1.01766682808686,1.03182003017963,1.92979831193195,0.466375349372466,1.14981526229388,0,5.48396687346846,2.65597791564564,-0.553935018403609,-2.61744484465352,-1.57870580198084,-1.1267948256871,1.69314290226953,2.74687255625748,0.205463641010579,0.862843497683241,0,6,3,-0.32,0,0,0,0,0,0,1,1,1,0.15,4,6,-0.995510720473701,2.66445089229184,3.95131419880374,2.1773627206931
CHAR_OLIVIATW_000,Sad,6,1.73663823339945,0.65303928419534,0,0,0.391199100799916,-0.086960433326331,-2,1,0,0,0.907199077148965,-0.810373832127687,-0.360890036003773,2.28816385560409,0,0,0,0,0,0,0,1,1,1,0.15,-3,-3,-0.385188022985782,2.43937028518148,2.54214705481479,1.30396390180452,-3.35491135279636,-3.88187442091072,0.056549332294569,2.24121928846218,-0.055501799398166,-0.794814426441235,3.88439961965522,-5.25513895622759,-6.09399152298399,0,3.19208274264232,0.197495518528572,-1.14391863963396,5.04399853210519,-2.97189379286794,-2.75695236009112,-1.1267948256871,0.043142902269528,0.806872556257483,0.695463641010579,-0.037156502316759,0,5,3,-0.5,-2.59953726984974,-1.70676451969677,-0.780188933846843,0.260240333770356,0.735898110217927,0.684072972987469,0.166946094533055,0,3.36650136985672,2.09250076103151,-0.318500152206302,0,0,0,0,0,0,1,1,1,0.15,3,3,-0.934878282937042,2.54015662809158,3.2791149055431,2.04703810736174
CHAR_OLIVIATW_000,Sad,6,1.73663823339945,0.65303928419534,0,0,0.391199100799916,-0.086960433326331,-2,1,0,0,0.907199077148965,-0.810373832127687,-0.360890036003773,2.28816385560409,0,0,0,0,0,0,0,1,1,1,0.15,-3,-3,-0.934878282937042,2.54015662809158,3.2791149055431,2.04703810736174,-5.25513895622759,-6.09399152298399,0,3.19208274264232,0.197495518528572,-1.14391863963396,5.04399853210519,-5.25513895622759,-6.09399152298399,0,3.19208274264232,0.197495518528572,-1.14391863963396,5.04399853210519,-2.97189379286794,-2.75695236009112,-1.1267948256871,0.043142902269528,0.806872556257483,0.695463641010579,-0.037156502316759,0,5,3,-0.5,-2.97189379286794,-2.59195233148107,-1.1267948256871,0.043142902269528,0.806872556257483,0.695463641010579,-0.037156502316759,0,5,3,-0.5,0,0,0,0,0,0,1,1,1,0.15,3,3,-0.934878282937042,2.54015662809158,3.2791149055431,2.04703810736174
CHAR_OLIVIATW_000,Sad,6,1.73663823339945,0.65303928419534,0,0,0.391199100799916,-0.086960433326331,-2,1,-0.12,0,-0.322800922851035,-0.810373832127687,-0.360890036003773,2.28816385560409,0,0,0,0,0,0,0,1,1,1,0.15,-6.5,-5,-0.587096495914515,3.1961816299646,4.64943780468482,2.08258087464803,-5.77880043721646,-8.51032292953932,0,4.25782890184246,0.357559430667275,-1.16604731453756,3.47810150261037,-6.10456705679388,-10.0135079462829,0,4.95326496240519,0.019168861752743,-1.6177787829601,2.50396652750672,-3.09854837415504,-2.17505298549888,-1.78560109373182,1.3851325343971,1.4917290991708,3.84485166996318,2.65767904507148,0,6,7,-1,-2.91997471108984,-2.39821888606879,-1.53294040512324,0.010462225162932,0.369077795403708,2.23702079030088,1.22417488639679,0,5.61648712011022,5.46594848044087,-0.808243560055109,0,0,0,0,0,0,1,1,1,0.15,6.5,5,-0.975111754974248,3.43442090530631,4.68142111565885,2.09142321804826
CHAR_STEPHANIETW_000,Scare,7,-1,0,0.5,-0.5,-8.4,5.08,-0.328000081511872,-1.31040032564987,-2.61,-0.43,-4.5,8.91,-10.11,-0.670456830770691,0,0,0,0,0,0,0,1,1,1,0.15,0,-1,5.74597304802648,0.367438726703246,0.99,1.82,0,-5.73584546988875,0,5.33064364886786,0.562750626745954,-1.05515215710443,2.58483351921253,0,-5.73584546988875,0,5.69064364886786,2.25148471165375,-0.135152157104431,2.58483351921253,-0.031335532030571,-4.05882618504597,1.04371140648997,11.81,-8.63,11.21,5.98,0,0.878400000000002,0,0.87,-0.761335532030571,-4.55882618504597,1.04371140648997,11.81,-8.63,11.21,5.98,0,0.878400000000002,0,0.87,0,0,0,0,0,0,1,1,1,0.15,0,1,6.32338559216397,-0.345240071942453,0.99,1.82
CHAR_ANDREATW_000,Scare,7,-2.42685691979472,0.410495869281678,0,0,2.1684126352656,-3.26056945930549,-0.000411176890838,1.26954965562341,2.79358044950051E-05,1.40733829356596,3,2.10533376386982,5.79219680188941,-0.000356326096339,0,0,0,0,0,0,0,1,1,1,0.15,0,0,6.17700592641058,2.3172023022648,0.860000416280137,2.38435194748547,0.115852305990833,-7.63029741693304,0.379601219298934,8.94203634390849,11.9721157765496,0,4.38602278656523,0.115852305990833,-7.63029741693304,0.379601219298934,9.19203634390849,9.17211577654961,-1.07,4.38598881043258,2.08414535364225,2.69696973585222,1.16970868910422,5.53179162722112,5.20318719181857,3.02136834474434,2.35315489727171,0,7.06439929392347,2.01052527164504,-2.68992076378695,3.35297719825743,1.7080022393555,1.98963708345191,5.5317415553757,5.52318887445764,4.74096651279283,3.63044659081278,0,6.32440296912207,1.2704143054516,-3.3997936868415,0,0,0,0,0,0,1,1,1,0.15,0,0,5.24700592641058,2.3172023022648,0.860000416280137,2.38435194748547
CHAR_EMMATW_000,Scare,7,0,0,0,0,1.71,0,-1.84,0.62,0,0.56,0,2.81,0,0,0,0,0,0,0,0,0,1,1,1,0.15,0,0,13.7670059264106,1.7972023022648,2.91000041628014,2.83435194748547,0.115852305990834,-5.64029741693304,0.379601219298934,12.4220363439085,12.1121157765496,3.67,3.68602278656523,0.115852305990834,-5.64029741693304,0.379601219298934,11.2620363439085,8.95211577654961,0.51,3.68598881043258,4.37,-3.31,0,1.48,-0.02,-11.38,3.82,0,5.69,0,0,3.89,-3.31,0,0.31,-0.02,-11.38,3.82,0,4.06,0,0,0,0,0,0,0,0,1,1,1,0.15,0,0,11.4170059264106,2.7372023022648,2.91000041628014,2.83435194748547
CHAR_MIATW_000,Scare,7,5.77689809322379E-08,1.39367663731793E-06,-0.65,0.76,-0.860000041581882,-6.35186277353483E-07,-0.687815033906396,1.05640005702516,0.332278592031005,0.460679437386614,0,2.79774766371346,1.49969340246397,-3.3161215917095,0,0,0,0,0,0,0,1,1,1,0.15,0,-3,13.6540946505907,2.0207891216789,3.99774698850445,2.99831814662095,-0.002523288274852,-3.66441710043675,0.223430104067505,6.04348032000395,4.23774031567104,4.2172060959318,5.41811067025184,-0.002789503191243,-3.63326244322574,0.223430104067505,5.70376116101822,3.61193164058739,3.61513278707681,4.84615157100023,2.93039082627652,-5.83665126840284,0.656641927681944,2.92993662120046,-1.19574424126439,-6.62050826442378,7.71350984058314,0,4.09654617804373,0.513104053224885,-1.40856025763344,3.44249050665792,-5.83898774680972,0.656641813421905,2.13984649341387,-1.19572924626549,-6.62044949753992,7.71228165278954,0,2.99236979415317,0.513455598249389,-1.4085598929369,0,0,0,0,0,0,1,1,1,0.15,0,3,13.2028862897503,2.45651314830309,3.99855672929603,3.04201519396243
CHAR_MIATW_000,Scare,7,5.77689809722999E-08,1.39367663734565E-06,0.65,-0.76,-0.860000041581882,-6.35186277336395E-07,-0.687815033906396,1.05640005702516,0.332278592031005,0.460679437386614,0,2.79774766371346,1.49969340246397,-3.3161215917095,0,0,0,0,0,0,0,1,1,1,0.15,0,-3,13.2028862897503,2.45651314830309,3.99855672929603,3.04201519396243,-0.002789503191243,-3.66441710043675,0.223430104067505,5.70376116101822,3.61193164058739,3.61513278707681,4.84615157100023,-0.002523288274852,-3.63326244322574,0.223430104067505,6.04348032000395,4.23774031567104,4.2172060959318,5.41811067025184,3.44249050665792,-5.78898774680972,0.656641813421905,2.13984649341387,-1.19572924626549,-6.62044949753992,7.71228165278954,0,3.49236979415317,0.513455598249389,-1.4085598929369,2.93039082627652,-5.78665126840284,0.656641927681944,2.92993662120046,-1.19574424126439,-6.62050826442378,7.71350984058314,0,4.09654617804373,0.513104053224885,-1.40856025763344,0,0,0,0,0,0,1,1,1,0.15,0,3,13.6540946505907,2.0207891216789,3.99774698850445,2.99831814662095
CHAR_OLIVIATW_000,Scare,7,0,-1.38,0,0,-0.89,0,-2.09,0,-1.03,-0.17,0,5.05,0,-3.11,0,0,0,0,0,0,0,1,1,1,0.15,0,0,12.2870059264106,2.2972023022648,-0.369999583719863,2.83435194748547,0.115852305990834,-5.64029741693304,0.379601219298934,9.39203634390849,8.26211577654961,-0.18,4.51602278656523,0.115852305990834,-5.64029741693304,0.379601219298934,8.44203634390849,6.13211577654961,-2.31,3.68598881043258,1.17060792920405,-6.0988193781103,-4.78335737632216,7.29347870211947,-3.4154170549185,7.58618962831504,-0.179298557989196,0,4.39,1.93,-2.5,0.790607929204047,-6.0988193781103,-4.78335737632216,6.17347870211947,-2.7254170549185,7.58618962831504,-0.179298557989195,0,4.39,1.93,-2.5,0,0,0,0,0,0,1,1,1,0.15,0,0,11.2270059264106,2.4672023022648,-0.369999583719863,3.12435194748547
CHAR_OLIVIATW_000,Scare,7,0,-1.38,0,0,-0.89,0,-2.09,0,-1.03,-0.17,0,5.05,0,-3.11,0,0,0,0,0,0,0,1,1,1,0.15,0,0,11.2270059264106,2.4672023022648,-0.369999583719863,3.12435194748547,0.115852305990833,-5.64029741693304,0.379601219298934,8.44203634390849,6.13211577654961,-2.31,3.68598881043258,0.115852305990833,-5.64029741693304,0.379601219298934,9.39203634390849,8.26211577654961,-0.18,4.51602278656523,0.790607929204047,-6.0988193781103,-4.78335737632216,6.17347870211947,-2.7254170549185,7.58618962831504,-0.179298557989195,0,4.39,1.93,-2.5,1.17060792920405,-6.0988193781103,-4.78335737632216,7.29347870211947,-3.4154170549185,7.58618962831504,-0.179298557989195,0,4.39,1.93,-2.5,0,0,0,0,0,0,1,1,1,0.15,0,0,12.2870059264106,2.2972023022648,-0.369999583719863,2.83435194748547
CHAR_ETHAN_000,Scare,7,0,1.44344758290373,0.5,-0.3,1.6910506120035,-0.716587786805767,-0.53135738964787,-1.46348993555072,0.351068190044294,-1.17306596275587,-0.263296,0.951972961367926,0.587001909060161,0,0,0,0,0,0,0,0,1,1,1,0.15,0,1.6,7.29286104614827,5.16004402366462,-2.63,0,-2.10278950319124,-3.66441710043675,0.223430104067505,4.53070616356296,2.62178472212811,4.57790818837786,4.94615157100023,-2.10252328827485,-4.93326244322574,0.223430104067505,4.37042532254869,2.26554754228778,2.23735455430777,7.51811067025184,-1.20641178014572,-2.17868719923516,-3.31975788800525,1.87675410330301,-0.205590905011578,0.530852845725187,1.63796076488787,-1.1,0.199999999999999,1.7,-0.2176,0.293588219854281,1.82131280076485,-1.71975788800525,4.47675387399117,0.294409094988422,1.23085284572519,0.53796076488787,-1.7,0.199999999999999,1.7,-0.2176,0,0,0,0,0,0,1,1,1,0.15,0,6.4,3.44725635029071,5.16004402366462,-0.23,0
CHAR_ETHAN_000,Scare,7,0,0.837544717705504,0.009838108663711,0.968518052276125,0.122532559727377,-0.12839351720222,-0.53135738964787,-0.287101396343623,0.351068190044294,-0.094709801816032,-0.263296,0.951972961367926,0.587001909060161,0,0,0,0,0,0,0,0,1,1,1,0.15,0,-3,8.23935243465484,5.75113323935402,-0.169352434654844,0.037384812922102,-2.00123322792946,-3.60561273553405,0.243590639117134,4.12284533445398,4.15279070651231,5.93873288598909,4.90422936954674,-2.07130685757422,-4.84949200160344,0.243590639117134,3.82950457543297,1.81910904645999,1.64886063510012,7.42548340079411,-0.22608799747314,3.5934173881366,-1.75123983572912,5.19017874706235,2.14718617340261,0.530852845725187,1.93205789968964,0.860647565345156,9.66226647870804,1.7,-0.2176,-1.76509172375813,-0.237367142847569,-1.71975788800525,2.61413868691327,0.882603364591969,0.544626197854383,1.61631692582771,-0.425579082525648,7.06226647870805,1.7,-0.2176,0,0,0,0,0,0,1,1,1,0.15,0,3,4.22754670425839,5.95113323935402,-0.249676217327422,0.037384812922102
CHAR_ETHAN_000,Scare,7,0,1.44344758290373,0.5,-0.3,1.6910506120035,-0.716587786805767,-0.53135738964787,-1.46348993555072,0.351068190044294,-1.17306596275587,-0.263296,0.951972961367926,0.587001909060161,0,0,0,0,0,0,0,0,1,1,1,0.15,0,-3,10.2,2.32,-2.13,1.9,3.05858239933643,-0.675815992603885,1.24804447552658,1.79139417412431,2.90622515285435,-3.05,2.81554888676044,-0.516017600663575,-0.675815992603885,1.24804447552658,5.93319417412431,8.67312515285435,1.0437,2.81053563606871,-1.20641178014572,-2.17868719923516,-3.31975788800525,1.87675410330301,-0.205590905011578,0.530852845725187,1.63796076488787,-1.1,0.199999999999999,1.7,-0.2176,0.293588219854282,1.82131280076484,-1.71975788800525,4.47675387399117,0.294409094988422,1.23085284572519,0.53796076488787,-1.7,0.199999999999999,1.7,-0.2176,0,0,0,0,0,0,1,1,1,0.15,0,3,9.4,2.32,-1.23,1.9
CHAR_STEPHANIETW_000,Serious,8,0,0.24,-0.5,0.5,0.03466900093524,0.122714350609161,-0.028167749121865,-0.028167749121865,0,0,1.22,-0.59,0.18,-0.44,0,0,0,0,0,0,0,1,1,1,0.15,0,-3,-0.402641701243681,2.06279341605351,0.938666666666667,1.31666666666667,-0.005426093292442,-3.69439668364526,0.041542244117804,-5.03591213704547,-3.26152469787004,-3.94371316530833,3.07290314589029,0,-3.93486472848835,0,-5.63239430612467,-4.3538371168121,-5.36162447300638,4.16891399105791,-1.67137091726115,-1.59344497616683,0,0.5,0.5,0.12817253951215,-0.124352447741996,0,3,3,-1,-0.681672005991511,-1.16852631585568,0,0.271333333333333,0.271333333333333,0.291326528975576,0.124808204989202,0,2.2,2.2,-0.733333333333334,0,0,0,0,0,0,1,1,1,0.15,0,3,-0.974511410786837,2.51108193098206,1.28,1.1
CHAR_ANDREATW_000,Serious,8,0.33,0.24,0,0,0,0,-0.28,-0.28,-0.73,-0.73,0,-0.59,-0.59,-0.44,0,0,0,0,0,0,0,1,1,1,0.15,0,-3,-1.41896380754542,3.16834818294463,0.31,1.06,-2.25299728641261,-10.1988542527539,0,-0.997536277743167,-2.20750784944479,-0.309334663995206,2.09278220195224,-1.76634954767513,-7.99590026352889,0,-1.39206829791027,-1.73068583565174,-0.269534326349659,1.199845771362,-0.504890512201551,-0.505959980327592,0,-0.087569997895001,0.422430002104999,-0.471520067771944,0.281716500593789,0,1.6307197000731,2.52447953569008,-0.203839962509137,-0.57,-0.52,0,-0.09,-0.09,-0.06,0.52,0,2.08,3.22,-0.26,0,0,0,0,0,0,1,1,1,0.15,0,2.35199956741312,-1.11246742050723,2.48398451856664,0.243039955299356,0.831039847152635
CHAR_ANDREATW_000,Serious,8,0.92,0.24,0,0,0.58,0.58,-0.92,-0.92,-1.43,-1.41,0,-0.59,-0.59,-0.44,0,0,0,0,0,0,0,1,1,1,0.15,0,-3,-1.24740141077314,3.51444202050752,0.97,2.09906288221457,-2.99127880798611,-11.6822532359155,0,-1.85405980271293,-2.58387513468237,-0.309334663995206,4.07364216146855,-3.33299728641261,-12.3688542527539,0,-1.36753627774317,-2.65750784944479,-0.309334663995206,4.63278220195224,-1.16,-0.28,0,-0.57,-0.45,-0.68,0.66,0,3.36,4.09,-0.26,-1.02226419434606,-0.355937439650332,0,-0.910275142240141,-0.828243862065307,-1.237812318951,0.053471891817494,0,3.1122002334696,3.03124542271465,-0.26,0,0,0,0,0,0,1,1,1,0.15,0,3,-1.85896380754541,3.56834818294463,0.31,2.58
CHAR_EMMATW_000,Serious,8,0.33,0.24,0,0,0,0,-0.28,-0.28,-0.73,-0.73,0,-0.59,-0.59,-0.44,0,0,0,0,0,0,0,1,1,1,0.15,0,-3,0.221036192454585,2.29834818294463,0.44,0.65,-1.10072603254854,-5.11794743525846,0.019472927155621,-1.07417108905641,-1.21354259849461,-1.07848770055311,2.95827242852549,-2.18110421525042,-5.03589487051692,0,-0.653454927721471,-1.18535899462017,-1.23251833196754,3.31767153537166,-1.64,-1.08,0,-0.09,-0.09,-0.379999999999999,-0.07,0,2.08,3.22,-0.26,-1.61050763249397,-0.852500004768372,0,-0.076250001639128,-0.047499997615814,0.023860898017883,-0.27,0,1.04,1.61,-0.16849146515131,0,0,0,0,0,0,1,1,1,0.15,0,3,-0.648963807545416,1.99834818294463,0.44,0.65
CHAR_EMMATW_000,Serious,8,0.450240198730386,0.24,0,0,0.060320127441364,0.060320127441364,-0.405440209716711,-0.405440209716711,-0.894320256225471,-0.890960252319224,0,-0.59,-0.59,-0.44,0,0,0,0,0,0,0,1,1,1,0.15,0,-3,-1.17384407451326,1.97890817305693,0.355759957153308,1.90064063610858,-3.45889157527963,-7.16325363223688,0,-1.37969987459366,-0.888671301643392,-1.54797547557123,4.40642350608045,-4.15299728641261,-8.31885425275392,0,-0.647536277743168,-0.72750784944479,-1.71933466399521,4.10278220195224,-2.71,-0.43,0,-0.32,-0.2,-0.07,0.34,0,3.36,4.09,-0.26,-1.87499959659561,-0.755000557899688,0,-0.085000008583072,-0.025000111579938,-0.225000266075236,0.134999648094043,0,2.71999890136677,3.65499925327273,-0.26,0,0,0,0,0,0,1,1,1,0.15,0,3,-1.45896380754541,1.96834818294463,0.31,2.58
CHAR_MIATW_000,Serious,8,0,0.24,0,0,0.001370911987304,0.001370911987304,-0.461935757836942,-0.478948006642594,-0.01269444126053,-0.022426460758835,-0.631136363636363,-0.045491568378194,0.019820198845686,-0.085528808284602,0,0,0,0,0,0,0,1,1,1,0.15,0,-5,-0.138501938009062,1.54736645533397,0.830931818181818,0.688704545454545,-1.54390048191476,-3.1643553086247,-0.109048390809236,-0.402198668335976,-0.569258959084349,-0.839387689262459,2.79064914655297,-2.20557211702109,-4.52050758374958,-0.155783415441765,-0.574569526194251,-0.813227084406214,-1.19912527037494,3.98664163793281,-1.2585794862179,-1.92443645636365,0,-0.229466393133649,-0.219895842157239,0.107867946098069,0.088652305500245,0,2,2,-0.5,-0.569005640352532,-1.10410551945456,0,0.139373524806446,0.146072910489933,0.441507562268648,0.428056613850172,0,1.55,1.55,-0.35,0,0,0,0,0,0,1,1,1,0.15,0,5,-0.512145625727232,1.89766636476281,1.18704545454545,0.983863636363636
CHAR_MIATW_000,Serious,8,0.5,0.24,0,0,0.001370911987304,0.001370911987304,-0.461935757836942,-0.478948006642594,-0.01269444126053,-0.022426460758835,1.10886363636364,-0.045491568378194,0.019820198845686,-0.085528808284602,0,0,0,0,0,0,0,1,1,1,0.15,0,-5,-0.969376273781986,2.06093188525324,1.26634584955686,1.07715821860733,-2.20557211702109,-5.93141271681251,-0.155783415441765,-1.34177110623986,-1.13042866445182,-1.51632685042055,4.6163800675564,-2.20557211702109,-6.73050758374958,-0.155783415441765,-1.25456952619425,-1.49322708440621,-1.87912527037494,5.33664163793281,-1.7585794862179,-1.52443645636365,-1.55335737632216,-0.029466393133649,-0.019895842157239,-0.222132053901931,-0.241347694499754,0,4,3,-0.5,-1.03379850873723,-1.73784729187627,-0.724599142634574,-0.136171810889958,-0.126601259913548,-0.046068113457109,-0.065283754054932,0,2.9329458266075,2.46647291330375,-0.5,0,0,0,0,0,0,1,1,1,0.15,0,5,-1.17214562572723,2.24766636476281,1.35704545454545,1.18386363636364
CHAR_OLIVIATW_000,Serious,8,0.284238492979045,0.241953118605302,0,0,0,-0.057084437018376,0,0,-0.6,-0.6,0,-0.53238300267153,-0.53238300267153,-0.397031391090799,0,0,0,0,0,0,0,1,1,1,0.15,0,-2,-0.998756539614835,1.83633190284338,1.12,0.55986370304567,-1.88146947472289,-6.58756113669343,0.015213174512395,-0.856525752613011,-1.07407742698496,-1.07825058286635,4.44190285216696,-1.88146947472289,-6.58756113669343,0.015213174512395,-0.856525752613011,-1.07213031279075,-1.07825058286635,4.44190285216696,-1.66815430896592,-2.56546303541845,0.565585184403036,-0.33732982772544,-0.069919700310431,0.091920196856684,-0.423122816720654,0,3,1,-0.435490683021414,-1.66815430896592,-2.56546303541845,0.565585184403036,-0.337329827725441,-0.069919700310431,0.091920196856684,-0.423122816720654,0,3,1,-0.435490683021414,0,0,0,0,0,0,1,1,1,0.15,0,2,-0.998756539614835,1.83633190284338,1.12,0.55986370304567
CHAR_OLIVIATW_000,Serious,8,0.450240198730386,0.24,0,0,0.060320127441364,0.060320127441364,-0.2,-0.2,-1,-1,0,-0.59,-0.59,-0.93,0,0,0,0,0,0,0,1,1,1,0.15,0,-3,-1.02660793813325,1.93989628136966,2.91341120157085,1.52552431630619,-2.94107359814221,-7.32516090067293,0.008116654631882,-1.02262441405451,0.034001169464268,-0.43088476010185,4.3303597642541,-4.15299728641261,-8.31885425275392,0,0.172463722256832,0.572492150555211,-0.419334663995206,4.20278220195224,-2.55939207079595,-2.2888193781103,0.656642623677837,-0.266521297880527,0.1545829450815,-0.603810371684957,1.05070144201081,0,5,1.5,0,-2.08389177221071,-2.43641651670289,0.608060929649345,-0.304299631323288,0.034804498314245,-0.232618631849409,0.26437492963976,0,3.93294399631634,1.23323599907908,-0.232346475976421,0,0,0,0,0,0,1,1,1,0.15,0,3,-1.52896380754541,1.97989628136966,1.48,2.13552431630619
CHAR_STEPHANIETW_000,Squash,9,1.2,1.55,0,0,-0.59,0.458045349673922,-0.093200239366572,1.79799999204762,-0.35,-1.57,0,3.76,4.31,-4.54,0,0,0,0,0,0,0,1,1,1,0.15,-3,0,-4.77988407509977,4.7441613280311,1.35,1.84,0,-7.34930413543972,2.15985669874434,-10.7241871307597,-7.13941384925772,-6.93744055073896,7.81327662091003,0,-7.34364311318801,2.15985669874434,-10.7241871307597,-7.17620530213145,-6.93744055073896,7.81327662091003,2.52,12,5.5,3.33,3.33,4.91,4.93,0,5.5,7,0,2.52,12,5.5,3.33,3.33,4.91,4.93,0,5.5,7,0,0,0,0,0,0,0,1,1,1,0.15,3,0,-4.77988407509977,4.7441613280311,1.35,1.84
CHAR_EMMATW_000,Squash,9,1.94399925842115,1.11213146763326,0,0,-0.424971684592816,-0.589778886858887,-1.87583644691526,0.256271644632793,-4.1706623390692,-1.99530795457764,-2.72960705979923,4.73585222778465,4.74776847988607,5.23449968169256,0,0,0,0,0,0,0,1.04625727840811,0.789714560541346,1,0.15,-3,-3,-3.80013220277254,4.6341613280311,4.34490904743841,3.69625045697039,-6.4179625988653,-11.6585600404399,2.15985669874434,-5.68230733196748,-1.11235099939033,-0.347440550738963,6.20327662091003,-6.4179625988653,-8.79856004043991,2.15985669874434,-6.07230733196747,1.30764900060967,2.07255944926104,8.39327662091003,1.12330579105673,7.98795147555456,1.41990911384369,0.915850459868714,0.723714246154932,1.23239972314128,0.233252286851393,0,6.23,4.50147737110299,-0.815723339437197,3.62330579105673,9.92795147555456,2.97990911384369,2.28585045986871,2.46371424615493,4.17239972314128,0.743252286851393,0,8.2,6.47147737110299,0.294276660562803,0,0,0,0,0,0,1.04625727840811,0.789714560541346,1,0.15,3,3,-4.59013220277254,3.8441613280311,4.70490904743841,4.05625045697039
CHAR_MIATW_000,Squash,9,2,1,-0.6,1,-0.424971684592816,-0.359778886858887,-3.27556958202397,-0.502000437924638,-1.48489749830706,-2.62111197564717,0,2.5842232191441,5.32985722909624,4.21123211717004,0,0,0,0,0,0,0,1.04625727840811,0.789714560541346,1,0.15,-3,-6,-5.16013220277254,4.6041613280311,-0.745090952561595,0.89625045697039,-4.49832434278831,-9.17742779854582,1.40911448386646,-5.85380958378984,-0.062757683264562,0.270641926450105,7.30973814678637,-6.37353811986383,-11.648451073436,2.00407328330258,-5.05742008157613,-0.809965843296018,-0.302983481600285,6.14440329923071,4.69836266847519,10,0.076551737521524,3.47932916198819,4.29829719123643,3.41858935145632,4.2039537288622,0,8.38,6.29147737110299,-0.3,2.93368635998762,4.50615852564107,-0.021130479484049,2.31999705447631,3.58034553328143,0.718942013592239,2.34796529664665,0,6.0525,4.18171772649683,-0.516500818475454,0,0,0,0,0,0,1.04625727840811,0.789714560541346,1,0.15,3,6,-4.34988407509977,5.4841613280311,-0.793613994180541,0.600141070852214
CHAR_OLIVIATW_000,Squash,9,2,1.1,0,0,-0.424971684592816,-1.55977888685889,-1.87583644691526,0,-1.07,-0.97,-3,4.73585222778465,7.72776847988607,4.47449968169256,0,0,0,0,0,0,0,1.04625727840811,0.789714560541346,1,0.15,-3,-3,-4.5,4.46,3.5,2.49,-6.4179625988653,-11.4285600404399,2.15985669874434,-4.84230733196748,-0.272350999390328,0.492559449261037,6.20327662091003,-6.39388596971049,-11.418451073436,2.15985669874434,-4.84230733196748,-0.331692045665077,0.492559449261037,6.20327662091003,3.69391372026078,11.1291320974443,3.63655173752152,4.06932916198819,5.59829719123643,2.98858935145632,2.7439537288622,0,10,10,0.294276660562803,3.69391372026078,11.1291320974443,3.63655173752152,4.06932916198819,5.59829719123643,2.98858935145632,2.7439537288622,0,10,10,0.294276660562803,0,0,0,0,0,0,1.04625727840811,0.789714560541346,1,0.15,3,3,-4.49988407509977,4.46,3.5,2.49014107085221
CHAR_STEPHANIETW_000,Surprise,10,-1,6.34831309776529,-0.5,0.5,-8.45,0,-1.51,0,-1.07,3.71,0,3.11033480444034,-6.74577244806435,-3.19045683077069,0,0,0,0,0,0,0,1,1,1,0.15,0,0,5.91610536360263,0.844759928057547,1.23,0.24,0,-0.815844964737714,0,3.20404372430015,5.18488503382715,1.47484784289557,2.13483351921253,0,-0.815844964737715,0,2.21404372430015,3.87615094891936,0.164847842895569,2.13483351921253,-5.64133553203057,-11.018826185046,-3.87628859351003,4.61,-4.85,0.84,11.77,0,0.878400000000002,0,0.87,-5.64133553203057,-11.018826185046,-3.87628859351003,4.61,-4.85,0.84,11.77,0,0.878400000000002,0,0.87,0,0,0,0,0,0,1,1,1,0.15,0,0,5.29869281946514,1.31743872670325,1.23,0.24
CHAR_ANDREATW_000,Surprise,10,-2.15,4.84,0,0,-2.79,0,-0.86,-1.12,-3.39,-1.47,0.96,3.08,-4.32,4.75,0,0,0,0,0,0,0,1,1,1,0.15,0,0,1.17230322694798,-4.82459213139521,-0.554894794853781,-0.928313644757756,4.31,0.279999999999999,0,4.67,7.76,3.16,-1.03,4.31,0.279999999999999,0,2.49,3.62,-0.98,-0.04,-1,-7.35,-1,2.7,-3.6,0.34,-2.046,0,0,-1.22,-1.22,-1.5,-7.35,-1,2.7,-3.6,0.34,-2.046,0,0,-1.22,-1.22,0,0,0,0,0,0,1,1,1,0.15,0,0,-0.467696773052017,-4.13459213139521,3.02510520514622,-0.928313644757755
CHAR_EMMATW_000,Surprise,10,-2.0679255769548,4.57275368781583,0,0,-5.12407130250027,0,-1.75729790482178,0,-3.10833876713101,4.04473756106988,-2.84242048373373,4.86563667195279,-4.12808810225193,2.77659901098727,0,0,0,0,0,0,0,1,1,1,0.15,0,0,8.09448459444889,-4.64290484755054,-0.084725089313137,-0.919017960238293,4.16154685948151,0.279440276618111,0,3.15841731252894,6.72312004746598,1.3381521939233,2.54146847525301,4.16132654544206,0.279440276618111,0,3.15841731252894,6.72555075973224,1.3381521939233,2.54146847525301,-0.755399442893537,-6.49479307743568,-0.980819754178603,3.6185220298212,-3.45809238566505,-0.238773501269134,2.94651961377778,0,0,-1.21756120732165,-1.16600327390181,-0.755399442893537,-6.49479307743568,-0.980819754178603,3.6185220298212,-3.45809238566505,-0.238773501269134,2.94651961377778,0,0,-1.21756120732165,-1.16600327390181,0,0,0,0,0,0,1,1,1,0.15,0,0,7.77091514863487,-3.98495389678185,0.751202532858251,-0.916308410854946
CHAR_EMMATW_000,Surprise,10,-2.0679255769548,4.57275368781583,0,0,-5.12407130250027,0,-1.75729790482178,0,-3.10833876713101,4.04473756106988,-2.84242048373373,4.86563667195279,-4.12808810225193,2.77659901098727,0,0,0,0,0,0,0,1,1,1,0.15,0,0,5.72091514863487,-2.14495389678185,0.751202532858251,-0.916308410854945,4.16132654544206,0.279440276618111,0,1.28841731252894,3.02555075973224,-2.3618478060767,2.54146847525301,4.16132654544206,0.279440276618111,0,3.15841731252894,6.72555075973224,1.3381521939233,2.54146847525301,-0.445399442893537,-6.49479307743568,-0.980819754178603,2.3185220298212,-3.45809238566505,-0.238773501269134,2.94651961377778,0,0,-1.21756120732166,-1.16600327390181,0.394600557106463,-6.49479307743568,-0.980819754178603,3.6185220298212,-2.16809238566505,-0.238773501269134,2.94651961377778,0,0.87,-1.21756120732166,-1.16600327390181,0,0,0,0,0,0,1,1,1,0.15,0,0,8.8344845944489,-4.64290484755054,-0.084725089313137,-0.919017960238293
CHAR_MIATW_000,Surprise,10,-2.0679255769548,2.37275368781583,0,0.88,-5.90407130250027,0,-2.09,0.83,0.17,-0.44,-2.84242048373373,3.45400766331224,-4.66599935304175,-4.13666855353525,0,0,0,0,0,0,0,1,1,1,0.15,0,-3,2.8213804874766,-1.84290484755054,0.665274910686863,-0.629017960238294,0,0,0,3.18,3.18,3.18,2.52,0,0,0,2.71,2.46,2.46,2.52,-1.44034256547508,-9.61536589743569,-0.314177130500765,1.14200073194068,-2.48350944058355,0,0,0,-0.870000000000001,-2.14756120732165,-1.16600327390181,-1.02978386913913,-9.72983154275405,-0.596914913957253,1.89266878130552,-0.774380635351071,0.718820300217738,0.169576425251859,0,-0.015622371436257,-0.66687663019338,-0.736720367050143,0,0,0,0,0,0,1,1,1,0.15,0,3,0.737811041662573,-1.80495389678185,1.50120253285825,-0.626308410854946
CHAR_OLIVIATW_000,Surprise,10,-1.69040673504415,3.84423037721477,0,0,-3.88175214520407,-0.736436809934163,-1.5,0,-2.5,3,-2.48370613475664,5.60617939309341,3.69959855814117,2.79588761325886,0,0,0,0,0,0,0,1,1,1,0.15,0,-0.5,6.02285353121903,-3.23110763609739,0.621741401775584,-0.64820293424971,3.18386921955559,-0.601444696885096,0,1.20519217173633,4.38200250642261,-0.554377348127003,3.16073308936702,2.90262775772338,-0.85507311682071,0,2.60807004370451,6.9244787351425,2.03269557101681,4.31903458198432,-0.380872104725486,-10.3584626538571,-0.67851775891354,3.01362270368846,-3.81115193422494,-6.79918188601572,-2.58941316775152,0,1.6,3,-1.5,0.018869592786392,-10.3584626538571,-0.538733648145707,5.25998804962448,-1.76145748482293,-6.8368825225791,-2.47948720219985,0,1.6,5,-1.5,0,0,0,0,0,0,1,1,1,0.15,0,0.5,6.69784591714225,-3.90897411804709,-0.145966933951582,-0.573376385807724
CHAR_STEPHANIETW_000,Think,11,5.37341455544293E-05,0.001296336261552,-0.636912296136628,1.19074907538587,0.614892363131153,1.71140412536039,0.003780542391213,-0.476010832060274,-0.5,-1.26,0,2.10278426461381,1.08114313344812,-1.24965258533305,0,0,0,0,0,0,0,1,1,1,0.087036709002582,-3,-2.5,3.85543042869074,2.83458734254438,0.49,1.81,0,-4.13171006980766,0.69,-0.555156057456163,2.67944417730039,1.91,4.12,0,-6.14491026609492,0,-1.22355625625901,-4.05695657843241,-1.93,2.14,0.34089809726117,0.0801544014815,0.077328823684822,2.42674308257708,0.754664468633401,1.17484650462696,-0.606465038017078,0,6,4,0.309684552610992,0.213927670772537,-2.14113430347162,0.077222544069217,1.69641020916035,0.512112165919964,2.26950905138529,-0.18887083450592,0,4,3,2.37625117093243E-05,0,0,0,0,0,0,1,1,1,0.15,3,2.5,0.142311028563326,3.97358912471341,2.05,1.15
CHAR_STEPHANIETW_000,Think,11,5.37341455544293E-05,0.001296336261552,0.637,-1.191,0.614892363131153,1.71140412536039,0.003780542391213,-0.476010832060274,-0.91,-1.26,0,2.10278426461381,1.08114313344812,-0.59965258533305,0,0,0,0,0,0,0,1,1,1,0.15,-3,-2.5,0.142311028563326,3.97358912471341,2.05,1.15,0,-6.14491026609492,0,-1.22355625625901,-4.05695657843241,-1.93,2.14,0,-4.13171006980766,0.69,-0.555156057456163,2.67944417730039,1.91,4.12,0.213927670772537,-2.19113430347162,0.077222544069217,1.69641020916035,0.682112165919964,2.26950905138529,-0.18887083450592,0,4,3,2.37625117093243E-05,0.34089809726117,0.0301544014815,0.077328823684822,2.42674308257708,0.754664468633401,1.64484650462696,-0.606465038017078,0,6,4,0.309684552610992,0,0,0,0,0,0,1,1,1,0.087036709002582,3,2.5,3.85543042869074,2.83458734254438,0.49,1.81
CHAR_ANDREATW_000,Think,11,5.81915758526286E-05,0.001403871767505,-0.689746339312358,1.28952576480137,-4.07540412030727E-05,-0.000622540552047,-0.002022157260923,-0.001747899222767,-2.49175151406109,-0.809551498494314,0,-0.000315950508409,7.26877173864437E-05,7.19824759752062,0,0,0,0,0,0,0,1,1,1,0.085223005187748,0,-2.99889712744503,1.87583287691865,2.75228891579906,1.07412570781938,2.24390694475825,-2.55946281061169,-9.99575685220522,0,-0.258637872929802,2.91820622287212,0,4.56622674272654,-2.82762514363356,-10.7657568522052,0,0.986537323099964,-3.487411318111,0,0.529332910982003,-0.509092168583922,0.392314316519735,-0.000701087284927,0.4289558911449,0.669997523354542,-0.062145444474594,1.18673855036197,0,7.80149366516799,3.26515742218725,-0.00034161482379,1.21114869492458,0.352315280288698,-0.000816183156449,1.17923901793707,1.17999920439954,0.458328182074417,1.26193002697119,0,5.00151165366553,3.51927413070466,2.57336929492258E-05,0,0,0,0,0,0,1,1,1,0.15,0,2.99889712744503,-1.28897789264399,3.50163200782558,2.24987204766652,3.01980142868797
CHAR_ANDREATW_000,Think,11,5.81915758528136E-05,0.001403871767505,0.69,-1.29,-4.0754041203202E-05,-0.000622540552047,-1.11202215726092,-0.001747899222767,-3.51175151406109,-1.17955149849431,0,-0.000315950508409,7.2687717386672E-05,7.19824759752062,0,0,0,0,0,0,0,1,1,1,0.15,0,2.99889712744503,-0.838977892643989,3.50163200782558,2.48987204766652,3.01980142868797,-2.82762514363356,-10.7657568522052,0,0.986537323099964,-3.487411318111,0,0.529332910982003,-2.55946281061169,-9.99575685220522,0,-0.258637872929803,2.91820622287212,0,4.56622674272654,1.17114869492458,0.102315280288698,-0.000816183156449,1.42923901793707,1.17999920439954,-0.241671817925583,1.05193002697119,0,6.37151165366553,3.51927413070466,2.57336929491943E-05,-0.509092168583922,0.882314316519735,-0.000701087284927,1.7389558911449,1.73999752335454,-0.062145444474594,1.18673855036197,0,5.39149366516799,2.09515742218725,-0.00034161482379,0,0,0,0,0,0,1,1,1,0.085223005187748,0,-2.99889712744503,1.87583287691865,3.13228891579906,0.864125707819376,1.09390694475825
CHAR_EMMATW_000,Think,11,5.65622584782766E-05,0.001364564485844,-0.670433995933293,1.25342007935355,-4.0713288959715E-05,-0.000621918039417,0.038034461517842,1.83830104055126,-3.41342529290403,-2.88308538977076,0,2.199692895852,0.990070652519695,6.99670244764794,0,0,0,0,0,0,0,1,1,1,0.087036709002582,0,-2.91493041710128,1.05543042869074,3.04458734254438,1.04405105092106,1.06327842911731,-2.4909278324789,-7.04588369063704,0,0.871620753603499,4.71649879303173,2.03,7.77725810286127,-2.75158183560979,-8.14588369063704,0,1.1465954240908,-3.45154774032905,0,1.14083326798239,-0.878583099228667,0.869635301375237,-0.000681457404182,1.88446640271272,1.68227838803516,1.34727528395459,1.30471050299417,0,7.70941821446924,3.07653555715928,-0.000332049883166,1.17723750446751,-1.41803701962805,-0.000793330683766,1.79622127280037,1.6969601746526,1.40481480685809,0.102178085637498,0,6.19311444604573,3.42073728232503,2.50131702201895E-05,0,0,0,0,0,0,1,1,1,0.15,0,2.91493041710128,-0.127688971436674,3.40358912471341,1.8368774378121,3.3452494147033
CHAR_EMMATW_000,Think,11,5.6562258478315E-05,0.001364564485844,0.67,-1.253,-4.07132889600708E-05,-0.000621918039417,-0.001965538482158,1.83830104055126,-3.41342529290403,-2.88308538977076,0,1.809692895852,0.270070652519695,6.99670244764794,0,0,0,0,0,0,0,1,1,1,0.15,0,-2.915,-0.127688971436673,3.40358912471341,2.8768774378121,3.3452494147033,-2.75158183560979,-8.14588369063704,0,1.1465954240908,-3.45154774032905,0,1.14083326798239,-2.4909278324789,-7.04588369063704,0,0.871620753603499,4.71649879303173,2.03,7.77725810286127,1.17723750446751,-1.41803701962805,-0.000793330683765,1.79622127280037,1.6969601746526,1.40481480685809,0.102178085637498,0,6.19311444604573,3.42073728232503,2.50131702203E-05,-0.878583099228667,0.869635301375237,-0.000681457404182,1.75446640271272,1.55227838803516,1.34727528395459,1.30471050299417,0,7.70941821446924,3.07653555715928,-0.000332049883167,0,0,0,0,0,0,1,1,1,0.087036709002582,0,2.915,1.05543042869074,3.04458734254438,-0.705948949078941,2.01327842911731
CHAR_MIATW_000,Think,11,5.65622584782766E-05,0.001364564485844,0,1.2,-4.0713288959715E-05,-0.350621918039417,1.18830132640914,2.24002895799383,-2.57766045214189,-2.48888941084029,0,0.508063887211449,2.13215940172987,3.67343488312541,0,0,0,0,0,0,0,1,1,1,0.15,0,-5,1.33543042869074,3.38458734254438,1.62405105092106,1.14327842911731,0,-3.77588369063704,2.54421658455824,-4.66349199600515,0.238224995400792,-0.525542930861322,4.67838478118194,0,-3.67,-0.02,-2.44,-5.96,-4.58,7.59,-0.993526221810205,0.499062481375221,0.905961166273655,1.64794510483219,2.22686133311666,2.47346491226963,2.60541194500498,0,6,4,-0.5,0.422294381885974,-1.78860983962807,0.655849292994072,0.96969997491984,1.9115431197341,0.651004435173132,0.442879527648303,0,5,3,2.50131702203005E-05,0,0,0,0,0,0,1,1,1,0.15,0,5,-0.757688971436673,3.06358912471341,2.8368774378121,2.2352494147033
CHAR_MIATW_000,Think,11,5.6562258478315E-05,0.001364564485844,0,-1.2,-4.07132889600708E-05,-0.350621918039417,1.18830132640914,2.24002895799383,-2.57766045214189,-2.48888941084029,0,0.508063887211449,2.13215940172987,3.67343488312542,0,0,0,0,0,0,0,1,1,1,0.15,0,-5,-0.757688971436673,3.11358912471341,2.8368774378121,2.2352494147033,0,-3.67,-0.02,-2.44,-5.96,-4.58,7.59,0,-3.77588369063704,2.54421658455824,-4.66349199600515,0.238224995400793,-0.525542930861323,4.67838478118194,0.422294381885974,-1.78860983962807,0.655849292994072,0.96969997491984,1.9115431197341,0.651004435173132,0.442879527648303,0,5,3,2.50131702203005E-05,-0.993526221810205,0.499062481375222,0.905961166273655,2.06794510483219,2.64686133311666,1.23346491226963,1.86541194500498,0,6,4,-0.5,0,0,0,0,0,0,1,1,1,0.15,0,5,1.33543042869074,3.38458734254438,1.62405105092106,1.14327842911731
CHAR_OLIVIATW_000,Think,11,5.65622584782766E-05,0.001364564485844,-0.670433995933293,1.25342007935355,-0.42004071328896,-0.000621918039417,0,0,-2.36,-1.7,-2.34,1.199692895852,2.5300706525197,4.47670244764794,0,0,0,0,0,0,0,1,1,1,0.087036709002582,-2,-3,1.46543042869074,3.23458734254438,-0.755948949078941,2.62327842911731,0,-7.25588369063704,0,-1.2083792463965,1.69649879303173,-0.05,6.97725810286126,0,-7.27588369063704,0.65,-1.40340457590921,-3.41154774032905,-1.4,5.07083326798239,-1.32797517002462,-0.989184076735061,0.655961166273656,2.08794510483219,1.95686133311666,1.95346491226963,1.62541194500498,0,6.04,3.78,-0.000332049883166,0.857845433671559,-2.23685639773835,0.655849292994072,1.80969997491984,1.5215431197341,0.751004435173132,-0.837120472351697,0,6.04,3.78,2.50131702201895E-05,0,0,0,0,0,0,1,1,1,0.15,2,3,-0.047688971436673,3.40358912471341,3.7668774378121,3.3452494147033
CHAR_OLIVIATW_000,Think,11,5.6562258478315E-05,0.001364564485844,0.67,-1.253,-0.42004071328896,-0.000621918039417,0,0,-2.36,-1.7,-2.34,1.199692895852,2.5300706525197,4.47670244764794,0,0,0,0,0,0,0,1,1,1,0.15,-2,-3,0.442311028563327,3.40358912471341,3.6368774378121,3.3452494147033,0,-7.27588369063704,0.65,-1.4034045759092,-3.41154774032905,-1.4,5.07083326798239,0,-7.25588369063704,0,-1.2083792463965,1.69649879303173,-0.05,6.97725810286126,0.857845433671559,-2.21685639773835,0.655849292994072,1.80969997491984,1.5215431197341,0.751004435173132,-0.837120472351697,0,6.04,3.78,2.50131702203E-05,-1.32797517002462,-1.54918407673506,0.655961166273656,2.08794510483219,1.95686133311666,1.95346491226963,1.62541194500498,0,6.04,3.78,-0.000332049883167,0,0,0,0,0,0,1,1,1,0.087036709002582,2,3,1.42543042869074,3.23458734254438,-1.13594894907894,2.62327842911731
CHAR_STEPHANIETW_000,Tired,12,-1.2,-0.45,-0.25,0.4,0,0.324326927022029,-0.092888635315277,-7.65940868228121E-05,-2.90287951949948,-1.45370980559633,-5.13860592254707,-0.187470061881395,-0.27,-1.70456872613179,0,0,0,0,0,0,0,1.01239988198883,0.86145580013061,1,0.15,-8,0,-4.05084868913828,2.28358103155234,1.86,1.64,-4.2558379570986,-4.66345735647789,2.41978043745475,5.65391549566307,4.72812334035592,2.73197404392697,0.393235179407752,-2.59371668900748,-4.66345735647789,2.41978043745475,2.68344491881576,0.964722912436328,-1.95802595607303,0.873325140751482,-3.47600510079491,-3.00404042269704,-0.65,0.90740033370819,0.79,-0.711839421572472,2.28632301078944,0,2.78,1.33,1,-2.47600510079491,-3.04404042269704,-0.65,1.71740033370819,1.13,0.718160578427526,2.35632301078944,0,2.78,1.33,1,0,0,0,0,0,0,1.01239988198883,0.86145580013061,1,0.15,8,0,-4.20084868913828,2.65974086840611,1.84,1.64
CHAR_ANDREATW_000,Tired,12,-1.15640937833806,-2.2258816982039,0,0,1.18059968406184,-2.48161771812035,-0.001107652891998,-0.000957425847353,-0.072879519499476,-0.223709805596327,0.991394077452927,2.19926306106332,2.75104490411724,0.617638962588707,0,0,0,0,0,0,0,1.01239988198883,0.86145580013061,1,0.15,-8.74619435224607,0,-3.36084868913828,2.36974086840611,1.01964521369451,3.09573720239696,-2.59371668900748,-7.48240569606478,2.41978043745475,7.29161408197897,4.96948212883194,1.41197404392698,2.30332514075148,-4.2558379570986,-7.48240569606478,2.41978043745475,7.16269511276649,3.48948212883194,-0.068025956073025,2.30323517940775,-0.596005100794915,-0.55404042269704,0,0.947400333708189,2.82336176494553,0.708160578427528,3.94632301078944,0,3.07152234337306,0.622080474607202,-0.097200074157375,-1.18600510079491,-0.55404042269704,0,1.01740033370819,2.89336176494553,0.758160578427528,3.94632301078944,0,3.07152234337306,0.622080474607202,-0.097200074157375,0,0,0,0,0,0,1.01239988198883,0.86145580013061,1,0.15,8.74619435224607,0,-3.40084868913828,2.59358103155234,1.01964521369451,3.21573720239696
CHAR_EMMATW_000,Tired,12,-1.15640937833806,-0.32,0,0,1.18059968406184,-3.37161771812035,-1.161107652892,-0.000957425847353,-2.06287951949948,-0.813709805596327,-2.52860592254707,0.472529938118605,0.83036341264029,3.19543127386821,0,0,0,0,0,0,0,1.01239988198883,0.86145580013061,1,0.15,-8.746,0,-2.21084868913828,2.66358103155234,1.01964521369451,2.08573720239696,-4.2558379570986,-7.48240569606478,2.41978043745475,8.56269511276649,7.06948212883194,2.13197404392697,2.30323517940775,-2.59371668900748,-7.48240569606478,2.41978043745475,5.86161408197897,3.08948212883194,-0.468025956073025,2.30332514075148,-1.52600510079491,-1.70404042269704,0,2.76740033370819,1.81336176494553,-0.581839421572472,5.94632301078944,0,3.48152234337306,1.0320804746072,-0.097200074157375,-2.23600510079491,-3.78404042269704,0,0.807400333708189,2.91336176494553,-0.951839421572473,5.95632301078944,0,2.56152234337306,0.112080474607203,-0.097200074157375,0,0,0,0,0,0,1.01239988198883,0.86145580013061,1,0.15,8.746,0,-3.35084868913828,2.93974086840611,1.01964521369451,2.13573720239696
CHAR_EMMATW_000,Tired,12,-1.15640937833806,-0.32,0,0,1.18059968406184,-3.37161771812035,-1.161107652892,-0.000957425847353,-2.06287951949948,-0.813709805596327,-2.52860592254707,0.472529938118605,0.83036341264029,3.19543127386821,0,0,0,0,0,0,0,1.01239988198883,0.86145580013061,1,0.15,-8.74619435224607,0,-3.35084868913828,2.94974086840611,1.01964521369451,2.74573720239696,-2.59371668900748,-7.48240569606478,2.41978043745475,5.86161408197897,3.08948212883194,-0.468025956073025,2.30332514075148,-4.2558379570986,-7.48240569606478,2.41978043745475,8.56269511276649,7.06948212883194,2.13197404392697,2.30323517940775,-2.23600510079491,-3.78404042269704,0,0.807400333708189,2.91336176494553,-1.74183942157247,4.93632301078944,0,2.56152234337306,0.112080474607202,-0.097200074157375,-1.52600510079492,-1.70404042269704,0,2.76740033370819,1.81336176494553,-1.37183942157247,4.92632301078944,0,3.48152234337306,1.0320804746072,-0.097200074157375,0,0,0,0,0,0,1.01239988198883,0.86145580013061,1,0.15,8.74619435224607,0,-2.21084868913828,2.38358103155234,1.01964521369451,2.61573720239696
CHAR_MIATW_000,Tired,12,-1.2,-1,0,0,0.782488067734106,-3.14908364748871,-0.008713709826802,0.378902749353389,-1.62174060818208,-0.853177981312982,-2.36130676166167,0.253818033729486,1.9140671314008,-0.096516992820055,0,0,0,0,0,0,0,1.01157947346442,0.870622245694532,1,0.15,-8,-3,-2.51458707693244,2.4463621352433,1.41226880230136,2.22031612956189,0,-0.54500946636038,2.11813040375017,2.76798436559,1.44551539215035,0.397936058963229,3.24236864355572,0,0.370314537674769,2.11382571429842,1.69272461991143,-1.34359515187369,-1.91709288434522,2.126339942384,-2.27728698562575,-1.82856879300417,0.614595189673362,3.50525361632431,3.67641230445729,2.04256805366825,4.69458826490023,0,1.90924171249834,0.972318640365709,0,-2.93812715560125,-2.17015072683046,0.614209308254876,2.02388590249575,4.0331469589995,1.04129164646037,5.01602246581797,0,1.90769887372536,0.970775798318531,0,0,0,0,0,0,0,1.01157947346442,0.870622245694532,1,0.15,8,3,-3.08210969867331,2.70329241680497,1.41350743870467,2.26869273882849
CHAR_OLIVIATW_000,Tired,12,-0.903120790801006,-1.35434782608696,0,0,0.975277999877175,-3.48959724540377,-0.651349800215129,-0.092964830047813,-1.70411786393435,-0.672195056796967,-2.08884837079976,1.46847963274978,3.75733678763793,2.13013887841287,0,0,0,0,0,0,0,1.01024338077338,0.885550443586156,1,0.15,-10,-2,-1.90401019904772,2.54968306335039,3.33726552382318,2.50763365606096,-3.51569222542928,-7.49763948805352,1.99894905702784,6.2178785714158,5.700876541209,1.10902203628751,2.96875949603249,-3.1257298365621,-7.66155664303215,1.99894905702784,5.02120147802003,2.9104417586003,-0.188369268060326,2.77618698308305,-1.36610070633393,-2.71874652528923,-0.90347589064579,3.68706432532894,3.62497361283128,-0.866373275387382,2.67792489547692,0,7.26212715322123,4.71171865293639,-0.080355065299235,-1.72755925414905,-4.17128755338177,-0.90347589064579,1.47621209337969,2.77020833740377,0.361957088462085,2.98523200742017,0,6.50212715322123,3.95171865293639,-0.080355065299235,0,0,0,0,0,0,1.01024338077338,0.885550443586156,1,0.15,10,2,-2.39314063383032,3.13651075466437,2.8859611759971,1.7237206125827
CHAR_OLIVIATW_000,Tired,12,-0.903120790801006,-1.35434782608696,0,0,0.975277999877175,-3.48959724540377,-0.651349800215129,-0.092964830047813,-1.70411786393435,-0.672195056796967,-2.08884837079976,1.46847963274978,3.75733678763793,2.13013887841287,0,0,0,0,0,0,0,1.01024338077338,0.885550443586156,1,0.15,-10,-2,-2.39314063383032,3.13651075466437,2.8859611759971,1.7237206125827,-3.1257298365621,-7.66155664303215,1.99894905702784,5.02120147802003,2.9104417586003,-0.188369268060326,2.77618698308305,-3.51569222542928,-7.49763948805352,1.99894905702784,6.2178785714158,5.700876541209,1.10902203628751,2.96875949603249,-2.10755925414905,-3.58128755338177,-0.90347589064579,1.47621209337969,2.74020833740377,-0.648042911537915,3.29523200742017,0,6.50212715322123,3.95171865293639,-0.080355065299235,-1.36610070633393,-2.71874652528923,-0.90347589064579,3.68706432532894,3.62497361283128,-0.866373275387382,2.67792489547692,0,7.26212715322123,4.71171865293639,-0.080355065299235,0,0,0,0,0,0,1.01024338077338,0.885550443586156,1,0.15,10,2,-1.90401019904772,2.54968306335039,3.33726552382318,2.50763365606096
